-- phpMyAdmin SQL Dump
-- version 5.2.1
-- https://www.phpmyadmin.net/
--
-- Hôte : 127.0.0.1
-- Généré le : mer. 15 oct. 2025 à 16:00
-- Version du serveur : 10.4.32-MariaDB
-- Version de PHP : 8.2.12

SET SQL_MODE = "NO_AUTO_VALUE_ON_ZERO";
START TRANSACTION;
SET time_zone = "+00:00";


/*!40101 SET @OLD_CHARACTER_SET_CLIENT=@@CHARACTER_SET_CLIENT */;
/*!40101 SET @OLD_CHARACTER_SET_RESULTS=@@CHARACTER_SET_RESULTS */;
/*!40101 SET @OLD_COLLATION_CONNECTION=@@COLLATION_CONNECTION */;
/*!40101 SET NAMES utf8mb4 */;

--
-- Base de données : `chronos`
--

-- --------------------------------------------------------

--
-- Structure de la table `class_group`
--

CREATE TABLE `class_group` (
  `id` int(11) NOT NULL,
  `name` varchar(150) NOT NULL,
  `size` int(11) NOT NULL,
  `unavailable_dates` text DEFAULT NULL,
  `notes` text DEFAULT NULL,
  `created_at` datetime NOT NULL,
  `updated_at` datetime NOT NULL
) ENGINE=InnoDB DEFAULT CHARSET=utf8mb4 COLLATE=utf8mb4_general_ci;

--
-- Déchargement des données de la table `class_group`
--

INSERT INTO `class_group` (`id`, `name`, `size`, `unavailable_dates`, `notes`, `created_at`, `updated_at`) VALUES
(1, 'A1', 20, '', '', '2025-10-15 09:10:02', '2025-10-15 09:10:02'),
(2, 'A2', 20, '', '', '2025-10-15 09:10:06', '2025-10-15 09:10:06'),
(3, 'C1', 20, '', '', '2025-10-15 09:10:09', '2025-10-15 09:10:09'),
(4, 'B1', 20, '', '', '2025-10-15 09:10:13', '2025-10-15 09:10:13');

-- --------------------------------------------------------

--
-- Structure de la table `closing_period`
--

CREATE TABLE `closing_period` (
  `id` int(11) NOT NULL,
  `start_date` date NOT NULL,
  `end_date` date NOT NULL,
  `label` varchar(255) DEFAULT NULL,
  `created_at` datetime NOT NULL,
  `updated_at` datetime NOT NULL
) ;

-- --------------------------------------------------------

--
-- Structure de la table `course`
--

CREATE TABLE `course` (
  `id` int(11) NOT NULL,
  `name` varchar(200) NOT NULL,
  `description` text DEFAULT NULL,
  `session_length_hours` int(11) NOT NULL,
  `sessions_required` int(11) NOT NULL,
  `start_date` date DEFAULT NULL,
  `end_date` date DEFAULT NULL,
  `priority` int(11) NOT NULL,
  `course_type` varchar(3) NOT NULL,
  `semester` varchar(2) NOT NULL,
  `course_name_id` int(11) DEFAULT NULL,
  `requires_computers` tinyint(1) NOT NULL,
  `computers_required` int(11) NOT NULL,
  `sae_split_consecutive` tinyint(1) NOT NULL DEFAULT 1,
  `created_at` datetime NOT NULL,
  `updated_at` datetime NOT NULL
) ;

--
-- Déchargement des données de la table `course`
--

INSERT INTO `course` (`id`, `name`, `description`, `session_length_hours`, `sessions_required`, `start_date`, `end_date`, `priority`, `course_type`, `semester`, `course_name_id`, `requires_computers`, `computers_required`, `sae_split_consecutive`, `created_at`, `updated_at`) VALUES
(1, 'CM Elec', '', 2, 2, '2025-09-15', '2025-11-15', 1, 'CM', 'S1', NULL, 0, 0, 1, '2025-10-15 09:11:48', '2025-10-15 09:13:43'),
(3, 'TD Elec', '', 2, 8, '2025-09-15', '2025-11-15', 1, 'TD', 'S1', NULL, 1, 0, 1, '2025-10-15 09:13:09', '2025-10-15 09:13:23'),
(4, 'TP Elec', '', 2, 8, '2025-09-15', '2025-11-15', 1, 'TP', 'S1', NULL, 1, 0, 1, '2025-10-15 09:16:09', '2025-10-15 09:16:16'),
(5, 'ppp', '', 2, 2, '2025-09-01', '2025-09-14', 1, 'TP', 'S1', NULL, 0, 0, 1, '2025-10-15 09:44:56', '2025-10-15 09:53:46');

-- --------------------------------------------------------

--
-- Structure de la table `course_class`
--

CREATE TABLE `course_class` (
  `course_id` int(11) NOT NULL,
  `class_group_id` int(11) NOT NULL,
  `group_count` int(11) NOT NULL,
  `teacher_a_id` int(11) DEFAULT NULL,
  `teacher_b_id` int(11) DEFAULT NULL,
  `subgroup_a_course_name_id` int(11) DEFAULT NULL,
  `subgroup_b_course_name_id` int(11) DEFAULT NULL
) ;

--
-- Déchargement des données de la table `course_class`
--

INSERT INTO `course_class` (`course_id`, `class_group_id`, `group_count`, `teacher_a_id`, `teacher_b_id`, `subgroup_a_course_name_id`, `subgroup_b_course_name_id`) VALUES
(1, 1, 1, 5, NULL, NULL, NULL),
(1, 2, 1, 5, NULL, NULL, NULL),
(3, 1, 1, 6, NULL, NULL, NULL),
(3, 2, 1, 1, NULL, NULL, NULL),
(4, 1, 2, NULL, NULL, NULL, NULL),
(4, 2, 2, NULL, NULL, NULL, NULL),
(5, 1, 2, NULL, NULL, NULL, NULL);

-- --------------------------------------------------------

--
-- Structure de la table `course_equipment`
--

CREATE TABLE `course_equipment` (
  `course_id` int(11) NOT NULL,
  `equipment_id` int(11) NOT NULL
) ENGINE=InnoDB DEFAULT CHARSET=utf8mb4 COLLATE=utf8mb4_general_ci;

-- --------------------------------------------------------

--
-- Structure de la table `course_name`
--

CREATE TABLE `course_name` (
  `id` int(11) NOT NULL,
  `name` varchar(120) NOT NULL,
  `created_at` datetime NOT NULL,
  `updated_at` datetime NOT NULL
) ENGINE=InnoDB DEFAULT CHARSET=utf8mb4 COLLATE=utf8mb4_general_ci;

-- --------------------------------------------------------

--
-- Structure de la table `course_schedule_log`
--

CREATE TABLE `course_schedule_log` (
  `id` int(11) NOT NULL,
  `course_id` int(11) NOT NULL,
  `status` varchar(20) NOT NULL,
  `summary` text DEFAULT NULL,
  `messages` text NOT NULL,
  `window_start` date DEFAULT NULL,
  `window_end` date DEFAULT NULL,
  `created_at` datetime NOT NULL,
  `updated_at` datetime NOT NULL
) ;

--
-- Déchargement des données de la table `course_schedule_log`
--

INSERT INTO `course_schedule_log` (`id`, `course_id`, `status`, `summary`, `messages`, `window_start`, `window_end`, `created_at`, `updated_at`) VALUES
(1, 1, 'warning', 'Aucune séance générée — vérifier les avertissements', '[{\"level\": \"info\", \"message\": \"Fenêtre de planification : 2025-09-15 → 2025-11-15\"}, {\"level\": \"info\", \"message\": \"Durée cible des séances : 2 h — 2 occurrence(s) par groupe\"}, {\"level\": \"info\", \"message\": \"Classes associées : A1, A2\"}, {\"level\": \"info\", \"message\": \"Heures requises : 4 h — déjà planifiées : 0 h\"}, {\"level\": \"warning\", \"message\": \"A1, A2 — 15/09/2025 : iza est déclaré indisponible sur ce créneau.\"}, {\"level\": \"warning\", \"message\": \"A1, A2 — 16/09/2025 : iza est déclaré indisponible sur ce créneau.\"}, {\"level\": \"warning\", \"message\": \"A1, A2 — 17/09/2025 : iza est déclaré indisponible sur ce créneau.\"}, {\"level\": \"warning\", \"message\": \"A1, A2 — 18/09/2025 : iza est déclaré indisponible sur ce créneau.\"}, {\"level\": \"warning\", \"message\": \"A1, A2 — 19/09/2025 : iza est déclaré indisponible sur ce créneau.\"}, {\"level\": \"warning\", \"message\": \"A1, A2 — 22/09/2025 : iza est déclaré indisponible sur ce créneau.\"}, {\"level\": \"warning\", \"message\": \"A1, A2 — 23/09/2025 : iza est déclaré indisponible sur ce créneau.\"}, {\"level\": \"warning\", \"message\": \"A1, A2 — 24/09/2025 : iza est déclaré indisponible sur ce créneau.\"}, {\"level\": \"warning\", \"message\": \"A1, A2 — 25/09/2025 : iza est déclaré indisponible sur ce créneau.\"}, {\"level\": \"warning\", \"message\": \"A1, A2 — 26/09/2025 : iza est déclaré indisponible sur ce créneau.\"}, {\"level\": \"warning\", \"message\": \"A1, A2 — 29/09/2025 : iza est déclaré indisponible sur ce créneau.\"}, {\"level\": \"warning\", \"message\": \"A1, A2 — 30/09/2025 : iza est déclaré indisponible sur ce créneau.\"}, {\"level\": \"warning\", \"message\": \"A1, A2 — 01/10/2025 : iza est déclaré indisponible sur ce créneau.\"}, {\"level\": \"warning\", \"message\": \"A1, A2 — 02/10/2025 : iza est déclaré indisponible sur ce créneau.\"}, {\"level\": \"warning\", \"message\": \"A1, A2 — 03/10/2025 : iza est déclaré indisponible sur ce créneau.\"}, {\"level\": \"warning\", \"message\": \"A1, A2 — 06/10/2025 : iza est déclaré indisponible sur ce créneau.\"}, {\"level\": \"warning\", \"message\": \"A1, A2 — 07/10/2025 : iza est déclaré indisponible sur ce créneau.\"}, {\"level\": \"warning\", \"message\": \"A1, A2 — 08/10/2025 : iza est déclaré indisponible sur ce créneau.\"}, {\"level\": \"warning\", \"message\": \"A1, A2 — 09/10/2025 : iza est déclaré indisponible sur ce créneau.\"}, {\"level\": \"warning\", \"message\": \"A1, A2 — 10/10/2025 : iza est déclaré indisponible sur ce créneau.\"}, {\"level\": \"warning\", \"message\": \"A1, A2 — 13/10/2025 : iza est déclaré indisponible sur ce créneau.\"}, {\"level\": \"warning\", \"message\": \"A1, A2 — 14/10/2025 : iza est déclaré indisponible sur ce créneau.\"}, {\"level\": \"warning\", \"message\": \"A1, A2 — 15/10/2025 : iza est déclaré indisponible sur ce créneau.\"}, {\"level\": \"warning\", \"message\": \"A1, A2 — 16/10/2025 : iza est déclaré indisponible sur ce créneau.\"}, {\"level\": \"warning\", \"message\": \"A1, A2 — 17/10/2025 : iza est déclaré indisponible sur ce créneau.\"}, {\"level\": \"warning\", \"message\": \"A1, A2 — 20/10/2025 : iza est déclaré indisponible sur ce créneau.\"}, {\"level\": \"warning\", \"message\": \"A1, A2 — 21/10/2025 : iza est déclaré indisponible sur ce créneau.\"}, {\"level\": \"warning\", \"message\": \"A1, A2 — 22/10/2025 : iza est déclaré indisponible sur ce créneau.\"}, {\"level\": \"warning\", \"message\": \"A1, A2 — 23/10/2025 : iza est déclaré indisponible sur ce créneau.\"}, {\"level\": \"warning\", \"message\": \"A1, A2 — 24/10/2025 : iza est déclaré indisponible sur ce créneau.\"}, {\"level\": \"warning\", \"message\": \"A1, A2 — 27/10/2025 : iza est déclaré indisponible sur ce créneau.\"}, {\"level\": \"warning\", \"message\": \"A1, A2 — 28/10/2025 : iza est déclaré indisponible sur ce créneau.\"}, {\"level\": \"warning\", \"message\": \"A1, A2 — 29/10/2025 : iza est déclaré indisponible sur ce créneau.\"}, {\"level\": \"warning\", \"message\": \"A1, A2 — 30/10/2025 : iza est déclaré indisponible sur ce créneau.\"}, {\"level\": \"warning\", \"message\": \"A1, A2 — 31/10/2025 : iza est déclaré indisponible sur ce créneau.\"}, {\"level\": \"warning\", \"message\": \"A1, A2 — 03/11/2025 : iza est déclaré indisponible sur ce créneau.\"}, {\"level\": \"warning\", \"message\": \"A1, A2 — 04/11/2025 : iza est déclaré indisponible sur ce créneau.\"}, {\"level\": \"warning\", \"message\": \"A1, A2 — 05/11/2025 : iza est déclaré indisponible sur ce créneau.\"}, {\"level\": \"warning\", \"message\": \"A1, A2 — 06/11/2025 : iza est déclaré indisponible sur ce créneau.\"}, {\"level\": \"warning\", \"message\": \"A1, A2 — 07/11/2025 : iza est déclaré indisponible sur ce créneau.\"}, {\"level\": \"warning\", \"message\": \"A1, A2 — 10/11/2025 : iza est déclaré indisponible sur ce créneau.\"}, {\"level\": \"warning\", \"message\": \"A1, A2 — 11/11/2025 : iza est déclaré indisponible sur ce créneau.\"}, {\"level\": \"warning\", \"message\": \"A1, A2 — 12/11/2025 : iza est déclaré indisponible sur ce créneau.\"}, {\"level\": \"warning\", \"message\": \"A1, A2 — 13/11/2025 : iza est déclaré indisponible sur ce créneau.\"}, {\"level\": \"warning\", \"message\": \"A1, A2 — 14/11/2025 : iza est déclaré indisponible sur ce créneau.\"}, {\"level\": \"warning\", \"message\": \"Impossible de planifier 4 heure(s) supplémentaire(s) (cours magistral)\"}, {\"level\": \"info\", \"message\": \"Total de séances générées : 0\"}]', '2025-09-15', '2025-11-15', '2025-10-15 09:17:12', '2025-10-15 09:17:12'),
(2, 3, 'warning', 'Aucune séance générée — vérifier les avertissements', '[{\"level\": \"info\", \"message\": \"Fenêtre de planification : 2025-09-15 → 2025-11-15\"}, {\"level\": \"info\", \"message\": \"Durée cible des séances : 2 h — 8 occurrence(s) par groupe\"}, {\"level\": \"info\", \"message\": \"Classes associées : A1, A2\"}, {\"level\": \"warning\", \"message\": \"A1 — 15/09/2025 : Loic  est déclaré indisponible sur ce créneau. ; pierre est déclaré indisponible sur ce créneau.\"}, {\"level\": \"warning\", \"message\": \"A1 — 16/09/2025 : Loic  est déclaré indisponible sur ce créneau. ; pierre est déclaré indisponible sur ce créneau.\"}, {\"level\": \"warning\", \"message\": \"A1 — 17/09/2025 : Loic  est déclaré indisponible sur ce créneau. ; pierre est déclaré indisponible sur ce créneau.\"}, {\"level\": \"warning\", \"message\": \"A1 — 18/09/2025 : Loic  est déclaré indisponible sur ce créneau. ; pierre est déclaré indisponible sur ce créneau.\"}, {\"level\": \"warning\", \"message\": \"A1 — 19/09/2025 : Loic  est déclaré indisponible sur ce créneau. ; pierre est déclaré indisponible sur ce créneau.\"}, {\"level\": \"warning\", \"message\": \"A1 — 22/09/2025 : Loic  est déclaré indisponible sur ce créneau. ; pierre est déclaré indisponible sur ce créneau.\"}, {\"level\": \"warning\", \"message\": \"A1 — 23/09/2025 : Loic  est déclaré indisponible sur ce créneau. ; pierre est déclaré indisponible sur ce créneau.\"}, {\"level\": \"warning\", \"message\": \"A1 — 24/09/2025 : Loic  est déclaré indisponible sur ce créneau. ; pierre est déclaré indisponible sur ce créneau.\"}, {\"level\": \"warning\", \"message\": \"A1 — 25/09/2025 : Loic  est déclaré indisponible sur ce créneau. ; pierre est déclaré indisponible sur ce créneau.\"}, {\"level\": \"warning\", \"message\": \"A1 — 26/09/2025 : Loic  est déclaré indisponible sur ce créneau. ; pierre est déclaré indisponible sur ce créneau.\"}, {\"level\": \"warning\", \"message\": \"A1 — 29/09/2025 : Loic  est déclaré indisponible sur ce créneau. ; pierre est déclaré indisponible sur ce créneau.\"}, {\"level\": \"warning\", \"message\": \"A1 — 30/09/2025 : Loic  est déclaré indisponible sur ce créneau. ; pierre est déclaré indisponible sur ce créneau.\"}, {\"level\": \"warning\", \"message\": \"A1 — 01/10/2025 : Loic  est déclaré indisponible sur ce créneau. ; pierre est déclaré indisponible sur ce créneau.\"}, {\"level\": \"warning\", \"message\": \"A1 — 02/10/2025 : Loic  est déclaré indisponible sur ce créneau. ; pierre est déclaré indisponible sur ce créneau.\"}, {\"level\": \"warning\", \"message\": \"A1 — 03/10/2025 : Loic  est déclaré indisponible sur ce créneau. ; pierre est déclaré indisponible sur ce créneau.\"}, {\"level\": \"warning\", \"message\": \"A1 — 06/10/2025 : Loic  est déclaré indisponible sur ce créneau. ; pierre est déclaré indisponible sur ce créneau.\"}, {\"level\": \"warning\", \"message\": \"A1 — 07/10/2025 : Loic  est déclaré indisponible sur ce créneau. ; pierre est déclaré indisponible sur ce créneau.\"}, {\"level\": \"warning\", \"message\": \"A1 — 08/10/2025 : Loic  est déclaré indisponible sur ce créneau. ; pierre est déclaré indisponible sur ce créneau.\"}, {\"level\": \"warning\", \"message\": \"A1 — 09/10/2025 : Loic  est déclaré indisponible sur ce créneau. ; pierre est déclaré indisponible sur ce créneau.\"}, {\"level\": \"warning\", \"message\": \"A1 — 10/10/2025 : Loic  est déclaré indisponible sur ce créneau. ; pierre est déclaré indisponible sur ce créneau.\"}, {\"level\": \"warning\", \"message\": \"A1 — 13/10/2025 : Loic  est déclaré indisponible sur ce créneau. ; pierre est déclaré indisponible sur ce créneau.\"}, {\"level\": \"warning\", \"message\": \"A1 — 14/10/2025 : Loic  est déclaré indisponible sur ce créneau. ; pierre est déclaré indisponible sur ce créneau.\"}, {\"level\": \"warning\", \"message\": \"A1 — 15/10/2025 : Loic  est déclaré indisponible sur ce créneau. ; pierre est déclaré indisponible sur ce créneau.\"}, {\"level\": \"warning\", \"message\": \"A1 — 16/10/2025 : Loic  est déclaré indisponible sur ce créneau. ; pierre est déclaré indisponible sur ce créneau.\"}, {\"level\": \"warning\", \"message\": \"A1 — 17/10/2025 : Loic  est déclaré indisponible sur ce créneau. ; pierre est déclaré indisponible sur ce créneau.\"}, {\"level\": \"warning\", \"message\": \"A1 — 20/10/2025 : Loic  est déclaré indisponible sur ce créneau. ; pierre est déclaré indisponible sur ce créneau.\"}, {\"level\": \"warning\", \"message\": \"A1 — 21/10/2025 : Loic  est déclaré indisponible sur ce créneau. ; pierre est déclaré indisponible sur ce créneau.\"}, {\"level\": \"warning\", \"message\": \"A1 — 22/10/2025 : Loic  est déclaré indisponible sur ce créneau. ; pierre est déclaré indisponible sur ce créneau.\"}, {\"level\": \"warning\", \"message\": \"A1 — 23/10/2025 : Loic  est déclaré indisponible sur ce créneau. ; pierre est déclaré indisponible sur ce créneau.\"}, {\"level\": \"warning\", \"message\": \"A1 — 24/10/2025 : Loic  est déclaré indisponible sur ce créneau. ; pierre est déclaré indisponible sur ce créneau.\"}, {\"level\": \"warning\", \"message\": \"A1 — 27/10/2025 : Loic  est déclaré indisponible sur ce créneau. ; pierre est déclaré indisponible sur ce créneau.\"}, {\"level\": \"warning\", \"message\": \"A1 — 28/10/2025 : Loic  est déclaré indisponible sur ce créneau. ; pierre est déclaré indisponible sur ce créneau.\"}, {\"level\": \"warning\", \"message\": \"A1 — 29/10/2025 : Loic  est déclaré indisponible sur ce créneau. ; pierre est déclaré indisponible sur ce créneau.\"}, {\"level\": \"warning\", \"message\": \"A1 — 30/10/2025 : Loic  est déclaré indisponible sur ce créneau. ; pierre est déclaré indisponible sur ce créneau.\"}, {\"level\": \"warning\", \"message\": \"A1 — 31/10/2025 : Loic  est déclaré indisponible sur ce créneau. ; pierre est déclaré indisponible sur ce créneau.\"}, {\"level\": \"warning\", \"message\": \"A1 — 03/11/2025 : Loic  est déclaré indisponible sur ce créneau. ; pierre est déclaré indisponible sur ce créneau.\"}, {\"level\": \"warning\", \"message\": \"A1 — 04/11/2025 : Loic  est déclaré indisponible sur ce créneau. ; pierre est déclaré indisponible sur ce créneau.\"}, {\"level\": \"warning\", \"message\": \"A1 — 05/11/2025 : Loic  est déclaré indisponible sur ce créneau. ; pierre est déclaré indisponible sur ce créneau.\"}, {\"level\": \"warning\", \"message\": \"A1 — 06/11/2025 : Loic  est déclaré indisponible sur ce créneau. ; pierre est déclaré indisponible sur ce créneau.\"}, {\"level\": \"warning\", \"message\": \"A1 — 07/11/2025 : Loic  est déclaré indisponible sur ce créneau. ; pierre est déclaré indisponible sur ce créneau.\"}, {\"level\": \"warning\", \"message\": \"A1 — 10/11/2025 : Loic  est déclaré indisponible sur ce créneau. ; pierre est déclaré indisponible sur ce créneau.\"}, {\"level\": \"warning\", \"message\": \"A1 — 11/11/2025 : Loic  est déclaré indisponible sur ce créneau. ; pierre est déclaré indisponible sur ce créneau.\"}, {\"level\": \"warning\", \"message\": \"A1 — 12/11/2025 : Loic  est déclaré indisponible sur ce créneau. ; pierre est déclaré indisponible sur ce créneau.\"}, {\"level\": \"warning\", \"message\": \"A1 — 13/11/2025 : Loic  est déclaré indisponible sur ce créneau. ; pierre est déclaré indisponible sur ce créneau.\"}, {\"level\": \"warning\", \"message\": \"A1 — 14/11/2025 : Loic  est déclaré indisponible sur ce créneau. ; pierre est déclaré indisponible sur ce créneau.\"}, {\"level\": \"warning\", \"message\": \"Impossible de planifier 16 heure(s) pour A1\"}, {\"level\": \"warning\", \"message\": \"A2 — 15/09/2025 : Loic  est déclaré indisponible sur ce créneau. ; pierre est déclaré indisponible sur ce créneau.\"}, {\"level\": \"warning\", \"message\": \"A2 — 16/09/2025 : Loic  est déclaré indisponible sur ce créneau. ; pierre est déclaré indisponible sur ce créneau.\"}, {\"level\": \"warning\", \"message\": \"A2 — 17/09/2025 : Loic  est déclaré indisponible sur ce créneau. ; pierre est déclaré indisponible sur ce créneau.\"}, {\"level\": \"warning\", \"message\": \"A2 — 18/09/2025 : Loic  est déclaré indisponible sur ce créneau. ; pierre est déclaré indisponible sur ce créneau.\"}, {\"level\": \"warning\", \"message\": \"A2 — 19/09/2025 : Loic  est déclaré indisponible sur ce créneau. ; pierre est déclaré indisponible sur ce créneau.\"}, {\"level\": \"warning\", \"message\": \"A2 — 22/09/2025 : Loic  est déclaré indisponible sur ce créneau. ; pierre est déclaré indisponible sur ce créneau.\"}, {\"level\": \"warning\", \"message\": \"A2 — 23/09/2025 : Loic  est déclaré indisponible sur ce créneau. ; pierre est déclaré indisponible sur ce créneau.\"}, {\"level\": \"warning\", \"message\": \"A2 — 24/09/2025 : Loic  est déclaré indisponible sur ce créneau. ; pierre est déclaré indisponible sur ce créneau.\"}, {\"level\": \"warning\", \"message\": \"A2 — 25/09/2025 : Loic  est déclaré indisponible sur ce créneau. ; pierre est déclaré indisponible sur ce créneau.\"}, {\"level\": \"warning\", \"message\": \"A2 — 26/09/2025 : Loic  est déclaré indisponible sur ce créneau. ; pierre est déclaré indisponible sur ce créneau.\"}, {\"level\": \"warning\", \"message\": \"A2 — 29/09/2025 : Loic  est déclaré indisponible sur ce créneau. ; pierre est déclaré indisponible sur ce créneau.\"}, {\"level\": \"warning\", \"message\": \"A2 — 30/09/2025 : Loic  est déclaré indisponible sur ce créneau. ; pierre est déclaré indisponible sur ce créneau.\"}, {\"level\": \"warning\", \"message\": \"A2 — 01/10/2025 : Loic  est déclaré indisponible sur ce créneau. ; pierre est déclaré indisponible sur ce créneau.\"}, {\"level\": \"warning\", \"message\": \"A2 — 02/10/2025 : Loic  est déclaré indisponible sur ce créneau. ; pierre est déclaré indisponible sur ce créneau.\"}, {\"level\": \"warning\", \"message\": \"A2 — 03/10/2025 : Loic  est déclaré indisponible sur ce créneau. ; pierre est déclaré indisponible sur ce créneau.\"}, {\"level\": \"warning\", \"message\": \"A2 — 06/10/2025 : Loic  est déclaré indisponible sur ce créneau. ; pierre est déclaré indisponible sur ce créneau.\"}, {\"level\": \"warning\", \"message\": \"A2 — 07/10/2025 : Loic  est déclaré indisponible sur ce créneau. ; pierre est déclaré indisponible sur ce créneau.\"}, {\"level\": \"warning\", \"message\": \"A2 — 08/10/2025 : Loic  est déclaré indisponible sur ce créneau. ; pierre est déclaré indisponible sur ce créneau.\"}, {\"level\": \"warning\", \"message\": \"A2 — 09/10/2025 : Loic  est déclaré indisponible sur ce créneau. ; pierre est déclaré indisponible sur ce créneau.\"}, {\"level\": \"warning\", \"message\": \"A2 — 10/10/2025 : Loic  est déclaré indisponible sur ce créneau. ; pierre est déclaré indisponible sur ce créneau.\"}, {\"level\": \"warning\", \"message\": \"A2 — 13/10/2025 : Loic  est déclaré indisponible sur ce créneau. ; pierre est déclaré indisponible sur ce créneau.\"}, {\"level\": \"warning\", \"message\": \"A2 — 14/10/2025 : Loic  est déclaré indisponible sur ce créneau. ; pierre est déclaré indisponible sur ce créneau.\"}, {\"level\": \"warning\", \"message\": \"A2 — 15/10/2025 : Loic  est déclaré indisponible sur ce créneau. ; pierre est déclaré indisponible sur ce créneau.\"}, {\"level\": \"warning\", \"message\": \"A2 — 16/10/2025 : Loic  est déclaré indisponible sur ce créneau. ; pierre est déclaré indisponible sur ce créneau.\"}, {\"level\": \"warning\", \"message\": \"A2 — 17/10/2025 : Loic  est déclaré indisponible sur ce créneau. ; pierre est déclaré indisponible sur ce créneau.\"}, {\"level\": \"warning\", \"message\": \"A2 — 20/10/2025 : Loic  est déclaré indisponible sur ce créneau. ; pierre est déclaré indisponible sur ce créneau.\"}, {\"level\": \"warning\", \"message\": \"A2 — 21/10/2025 : Loic  est déclaré indisponible sur ce créneau. ; pierre est déclaré indisponible sur ce créneau.\"}, {\"level\": \"warning\", \"message\": \"A2 — 22/10/2025 : Loic  est déclaré indisponible sur ce créneau. ; pierre est déclaré indisponible sur ce créneau.\"}, {\"level\": \"warning\", \"message\": \"A2 — 23/10/2025 : Loic  est déclaré indisponible sur ce créneau. ; pierre est déclaré indisponible sur ce créneau.\"}, {\"level\": \"warning\", \"message\": \"A2 — 24/10/2025 : Loic  est déclaré indisponible sur ce créneau. ; pierre est déclaré indisponible sur ce créneau.\"}, {\"level\": \"warning\", \"message\": \"A2 — 27/10/2025 : Loic  est déclaré indisponible sur ce créneau. ; pierre est déclaré indisponible sur ce créneau.\"}, {\"level\": \"warning\", \"message\": \"A2 — 28/10/2025 : Loic  est déclaré indisponible sur ce créneau. ; pierre est déclaré indisponible sur ce créneau.\"}, {\"level\": \"warning\", \"message\": \"A2 — 29/10/2025 : Loic  est déclaré indisponible sur ce créneau. ; pierre est déclaré indisponible sur ce créneau.\"}, {\"level\": \"warning\", \"message\": \"A2 — 30/10/2025 : Loic  est déclaré indisponible sur ce créneau. ; pierre est déclaré indisponible sur ce créneau.\"}, {\"level\": \"warning\", \"message\": \"A2 — 31/10/2025 : Loic  est déclaré indisponible sur ce créneau. ; pierre est déclaré indisponible sur ce créneau.\"}, {\"level\": \"warning\", \"message\": \"A2 — 03/11/2025 : Loic  est déclaré indisponible sur ce créneau. ; pierre est déclaré indisponible sur ce créneau.\"}, {\"level\": \"warning\", \"message\": \"A2 — 04/11/2025 : Loic  est déclaré indisponible sur ce créneau. ; pierre est déclaré indisponible sur ce créneau.\"}, {\"level\": \"warning\", \"message\": \"A2 — 05/11/2025 : Loic  est déclaré indisponible sur ce créneau. ; pierre est déclaré indisponible sur ce créneau.\"}, {\"level\": \"warning\", \"message\": \"A2 — 06/11/2025 : Loic  est déclaré indisponible sur ce créneau. ; pierre est déclaré indisponible sur ce créneau.\"}, {\"level\": \"warning\", \"message\": \"A2 — 07/11/2025 : Loic  est déclaré indisponible sur ce créneau. ; pierre est déclaré indisponible sur ce créneau.\"}, {\"level\": \"warning\", \"message\": \"A2 — 10/11/2025 : Loic  est déclaré indisponible sur ce créneau. ; pierre est déclaré indisponible sur ce créneau.\"}, {\"level\": \"warning\", \"message\": \"A2 — 11/11/2025 : Loic  est déclaré indisponible sur ce créneau. ; pierre est déclaré indisponible sur ce créneau.\"}, {\"level\": \"warning\", \"message\": \"A2 — 12/11/2025 : Loic  est déclaré indisponible sur ce créneau. ; pierre est déclaré indisponible sur ce créneau.\"}, {\"level\": \"warning\", \"message\": \"A2 — 13/11/2025 : Loic  est déclaré indisponible sur ce créneau. ; pierre est déclaré indisponible sur ce créneau.\"}, {\"level\": \"warning\", \"message\": \"A2 — 14/11/2025 : Loic  est déclaré indisponible sur ce créneau. ; pierre est déclaré indisponible sur ce créneau.\"}, {\"level\": \"warning\", \"message\": \"Impossible de planifier 16 heure(s) pour A2\"}, {\"level\": \"info\", \"message\": \"Total de séances générées : 0\"}]', '2025-09-15', '2025-11-15', '2025-10-15 09:17:13', '2025-10-15 09:17:13');
INSERT INTO `course_schedule_log` (`id`, `course_id`, `status`, `summary`, `messages`, `window_start`, `window_end`, `created_at`, `updated_at`) VALUES
(3, 4, 'warning', 'Aucune séance générée — vérifier les avertissements', '[{\"level\": \"info\", \"message\": \"Fenêtre de planification : 2025-09-15 → 2025-11-15\"}, {\"level\": \"info\", \"message\": \"Durée cible des séances : 2 h — 8 occurrence(s) par groupe\"}, {\"level\": \"info\", \"message\": \"Classes associées : A1, A2\"}, {\"level\": \"warning\", \"message\": \"A1 — groupe A — 15/09/2025 : Francois est déclaré indisponible sur ce créneau. ; Gilles est déclaré indisponible sur ce créneau. ; iza est déclaré indisponible sur ce créneau. ; Loic  est déclaré indisponible sur ce créneau. ; pierre est déclaré indisponible sur ce créneau. ; Tim est déclaré indisponible sur ce créneau.\"}, {\"level\": \"warning\", \"message\": \"A1 — groupe A — 16/09/2025 : Francois est déclaré indisponible sur ce créneau. ; Gilles est déclaré indisponible sur ce créneau. ; iza est déclaré indisponible sur ce créneau. ; Loic  est déclaré indisponible sur ce créneau. ; pierre est déclaré indisponible sur ce créneau. ; Tim est déclaré indisponible sur ce créneau.\"}, {\"level\": \"warning\", \"message\": \"A1 — groupe A — 17/09/2025 : Francois est déclaré indisponible sur ce créneau. ; Gilles est déclaré indisponible sur ce créneau. ; iza est déclaré indisponible sur ce créneau. ; Loic  est déclaré indisponible sur ce créneau. ; pierre est déclaré indisponible sur ce créneau. ; Tim est déclaré indisponible sur ce créneau.\"}, {\"level\": \"warning\", \"message\": \"A1 — groupe A — 18/09/2025 : Francois est déclaré indisponible sur ce créneau. ; Gilles est déclaré indisponible sur ce créneau. ; iza est déclaré indisponible sur ce créneau. ; Loic  est déclaré indisponible sur ce créneau. ; pierre est déclaré indisponible sur ce créneau. ; Tim est déclaré indisponible sur ce créneau.\"}, {\"level\": \"warning\", \"message\": \"A1 — groupe A — 19/09/2025 : Francois est déclaré indisponible sur ce créneau. ; Gilles est déclaré indisponible sur ce créneau. ; iza est déclaré indisponible sur ce créneau. ; Loic  est déclaré indisponible sur ce créneau. ; pierre est déclaré indisponible sur ce créneau. ; Tim est déclaré indisponible sur ce créneau.\"}, {\"level\": \"warning\", \"message\": \"A1 — groupe A — 22/09/2025 : Francois est déclaré indisponible sur ce créneau. ; Gilles est déclaré indisponible sur ce créneau. ; iza est déclaré indisponible sur ce créneau. ; Loic  est déclaré indisponible sur ce créneau. ; pierre est déclaré indisponible sur ce créneau. ; Tim est déclaré indisponible sur ce créneau.\"}, {\"level\": \"warning\", \"message\": \"A1 — groupe A — 23/09/2025 : Francois est déclaré indisponible sur ce créneau. ; Gilles est déclaré indisponible sur ce créneau. ; iza est déclaré indisponible sur ce créneau. ; Loic  est déclaré indisponible sur ce créneau. ; pierre est déclaré indisponible sur ce créneau. ; Tim est déclaré indisponible sur ce créneau.\"}, {\"level\": \"warning\", \"message\": \"A1 — groupe A — 24/09/2025 : Francois est déclaré indisponible sur ce créneau. ; Gilles est déclaré indisponible sur ce créneau. ; iza est déclaré indisponible sur ce créneau. ; Loic  est déclaré indisponible sur ce créneau. ; pierre est déclaré indisponible sur ce créneau. ; Tim est déclaré indisponible sur ce créneau.\"}, {\"level\": \"warning\", \"message\": \"A1 — groupe A — 25/09/2025 : Francois est déclaré indisponible sur ce créneau. ; Gilles est déclaré indisponible sur ce créneau. ; iza est déclaré indisponible sur ce créneau. ; Loic  est déclaré indisponible sur ce créneau. ; pierre est déclaré indisponible sur ce créneau. ; Tim est déclaré indisponible sur ce créneau.\"}, {\"level\": \"warning\", \"message\": \"A1 — groupe A — 26/09/2025 : Francois est déclaré indisponible sur ce créneau. ; Gilles est déclaré indisponible sur ce créneau. ; iza est déclaré indisponible sur ce créneau. ; Loic  est déclaré indisponible sur ce créneau. ; pierre est déclaré indisponible sur ce créneau. ; Tim est déclaré indisponible sur ce créneau.\"}, {\"level\": \"warning\", \"message\": \"A1 — groupe A — 29/09/2025 : Francois est déclaré indisponible sur ce créneau. ; Gilles est déclaré indisponible sur ce créneau. ; iza est déclaré indisponible sur ce créneau. ; Loic  est déclaré indisponible sur ce créneau. ; pierre est déclaré indisponible sur ce créneau. ; Tim est déclaré indisponible sur ce créneau.\"}, {\"level\": \"warning\", \"message\": \"A1 — groupe A — 30/09/2025 : Francois est déclaré indisponible sur ce créneau. ; Gilles est déclaré indisponible sur ce créneau. ; iza est déclaré indisponible sur ce créneau. ; Loic  est déclaré indisponible sur ce créneau. ; pierre est déclaré indisponible sur ce créneau. ; Tim est déclaré indisponible sur ce créneau.\"}, {\"level\": \"warning\", \"message\": \"A1 — groupe A — 01/10/2025 : Francois est déclaré indisponible sur ce créneau. ; Gilles est déclaré indisponible sur ce créneau. ; iza est déclaré indisponible sur ce créneau. ; Loic  est déclaré indisponible sur ce créneau. ; pierre est déclaré indisponible sur ce créneau. ; Tim est déclaré indisponible sur ce créneau.\"}, {\"level\": \"warning\", \"message\": \"A1 — groupe A — 02/10/2025 : Francois est déclaré indisponible sur ce créneau. ; Gilles est déclaré indisponible sur ce créneau. ; iza est déclaré indisponible sur ce créneau. ; Loic  est déclaré indisponible sur ce créneau. ; pierre est déclaré indisponible sur ce créneau. ; Tim est déclaré indisponible sur ce créneau.\"}, {\"level\": \"warning\", \"message\": \"A1 — groupe A — 03/10/2025 : Francois est déclaré indisponible sur ce créneau. ; Gilles est déclaré indisponible sur ce créneau. ; iza est déclaré indisponible sur ce créneau. ; Loic  est déclaré indisponible sur ce créneau. ; pierre est déclaré indisponible sur ce créneau. ; Tim est déclaré indisponible sur ce créneau.\"}, {\"level\": \"warning\", \"message\": \"A1 — groupe A — 06/10/2025 : Francois est déclaré indisponible sur ce créneau. ; Gilles est déclaré indisponible sur ce créneau. ; iza est déclaré indisponible sur ce créneau. ; Loic  est déclaré indisponible sur ce créneau. ; pierre est déclaré indisponible sur ce créneau. ; Tim est déclaré indisponible sur ce créneau.\"}, {\"level\": \"warning\", \"message\": \"A1 — groupe A — 07/10/2025 : Francois est déclaré indisponible sur ce créneau. ; Gilles est déclaré indisponible sur ce créneau. ; iza est déclaré indisponible sur ce créneau. ; Loic  est déclaré indisponible sur ce créneau. ; pierre est déclaré indisponible sur ce créneau. ; Tim est déclaré indisponible sur ce créneau.\"}, {\"level\": \"warning\", \"message\": \"A1 — groupe A — 08/10/2025 : Francois est déclaré indisponible sur ce créneau. ; Gilles est déclaré indisponible sur ce créneau. ; iza est déclaré indisponible sur ce créneau. ; Loic  est déclaré indisponible sur ce créneau. ; pierre est déclaré indisponible sur ce créneau. ; Tim est déclaré indisponible sur ce créneau.\"}, {\"level\": \"warning\", \"message\": \"A1 — groupe A — 09/10/2025 : Francois est déclaré indisponible sur ce créneau. ; Gilles est déclaré indisponible sur ce créneau. ; iza est déclaré indisponible sur ce créneau. ; Loic  est déclaré indisponible sur ce créneau. ; pierre est déclaré indisponible sur ce créneau. ; Tim est déclaré indisponible sur ce créneau.\"}, {\"level\": \"warning\", \"message\": \"A1 — groupe A — 10/10/2025 : Francois est déclaré indisponible sur ce créneau. ; Gilles est déclaré indisponible sur ce créneau. ; iza est déclaré indisponible sur ce créneau. ; Loic  est déclaré indisponible sur ce créneau. ; pierre est déclaré indisponible sur ce créneau. ; Tim est déclaré indisponible sur ce créneau.\"}, {\"level\": \"warning\", \"message\": \"A1 — groupe A — 13/10/2025 : Francois est déclaré indisponible sur ce créneau. ; Gilles est déclaré indisponible sur ce créneau. ; iza est déclaré indisponible sur ce créneau. ; Loic  est déclaré indisponible sur ce créneau. ; pierre est déclaré indisponible sur ce créneau. ; Tim est déclaré indisponible sur ce créneau.\"}, {\"level\": \"warning\", \"message\": \"A1 — groupe A — 14/10/2025 : Francois est déclaré indisponible sur ce créneau. ; Gilles est déclaré indisponible sur ce créneau. ; iza est déclaré indisponible sur ce créneau. ; Loic  est déclaré indisponible sur ce créneau. ; pierre est déclaré indisponible sur ce créneau. ; Tim est déclaré indisponible sur ce créneau.\"}, {\"level\": \"warning\", \"message\": \"A1 — groupe A — 15/10/2025 : Francois est déclaré indisponible sur ce créneau. ; Gilles est déclaré indisponible sur ce créneau. ; iza est déclaré indisponible sur ce créneau. ; Loic  est déclaré indisponible sur ce créneau. ; pierre est déclaré indisponible sur ce créneau. ; Tim est déclaré indisponible sur ce créneau.\"}, {\"level\": \"warning\", \"message\": \"A1 — groupe A — 16/10/2025 : Francois est déclaré indisponible sur ce créneau. ; Gilles est déclaré indisponible sur ce créneau. ; iza est déclaré indisponible sur ce créneau. ; Loic  est déclaré indisponible sur ce créneau. ; pierre est déclaré indisponible sur ce créneau. ; Tim est déclaré indisponible sur ce créneau.\"}, {\"level\": \"warning\", \"message\": \"A1 — groupe A — 17/10/2025 : Francois est déclaré indisponible sur ce créneau. ; Gilles est déclaré indisponible sur ce créneau. ; iza est déclaré indisponible sur ce créneau. ; Loic  est déclaré indisponible sur ce créneau. ; pierre est déclaré indisponible sur ce créneau. ; Tim est déclaré indisponible sur ce créneau.\"}, {\"level\": \"warning\", \"message\": \"A1 — groupe A — 20/10/2025 : Francois est déclaré indisponible sur ce créneau. ; Gilles est déclaré indisponible sur ce créneau. ; iza est déclaré indisponible sur ce créneau. ; Loic  est déclaré indisponible sur ce créneau. ; pierre est déclaré indisponible sur ce créneau. ; Tim est déclaré indisponible sur ce créneau.\"}, {\"level\": \"warning\", \"message\": \"A1 — groupe A — 21/10/2025 : Francois est déclaré indisponible sur ce créneau. ; Gilles est déclaré indisponible sur ce créneau. ; iza est déclaré indisponible sur ce créneau. ; Loic  est déclaré indisponible sur ce créneau. ; pierre est déclaré indisponible sur ce créneau. ; Tim est déclaré indisponible sur ce créneau.\"}, {\"level\": \"warning\", \"message\": \"A1 — groupe A — 22/10/2025 : Francois est déclaré indisponible sur ce créneau. ; Gilles est déclaré indisponible sur ce créneau. ; iza est déclaré indisponible sur ce créneau. ; Loic  est déclaré indisponible sur ce créneau. ; pierre est déclaré indisponible sur ce créneau. ; Tim est déclaré indisponible sur ce créneau.\"}, {\"level\": \"warning\", \"message\": \"A1 — groupe A — 23/10/2025 : Francois est déclaré indisponible sur ce créneau. ; Gilles est déclaré indisponible sur ce créneau. ; iza est déclaré indisponible sur ce créneau. ; Loic  est déclaré indisponible sur ce créneau. ; pierre est déclaré indisponible sur ce créneau. ; Tim est déclaré indisponible sur ce créneau.\"}, {\"level\": \"warning\", \"message\": \"A1 — groupe A — 24/10/2025 : Francois est déclaré indisponible sur ce créneau. ; Gilles est déclaré indisponible sur ce créneau. ; iza est déclaré indisponible sur ce créneau. ; Loic  est déclaré indisponible sur ce créneau. ; pierre est déclaré indisponible sur ce créneau. ; Tim est déclaré indisponible sur ce créneau.\"}, {\"level\": \"warning\", \"message\": \"A1 — groupe A — 27/10/2025 : Francois est déclaré indisponible sur ce créneau. ; Gilles est déclaré indisponible sur ce créneau. ; iza est déclaré indisponible sur ce créneau. ; Loic  est déclaré indisponible sur ce créneau. ; pierre est déclaré indisponible sur ce créneau. ; Tim est déclaré indisponible sur ce créneau.\"}, {\"level\": \"warning\", \"message\": \"A1 — groupe A — 28/10/2025 : Francois est déclaré indisponible sur ce créneau. ; Gilles est déclaré indisponible sur ce créneau. ; iza est déclaré indisponible sur ce créneau. ; Loic  est déclaré indisponible sur ce créneau. ; pierre est déclaré indisponible sur ce créneau. ; Tim est déclaré indisponible sur ce créneau.\"}, {\"level\": \"warning\", \"message\": \"A1 — groupe A — 29/10/2025 : Francois est déclaré indisponible sur ce créneau. ; Gilles est déclaré indisponible sur ce créneau. ; iza est déclaré indisponible sur ce créneau. ; Loic  est déclaré indisponible sur ce créneau. ; pierre est déclaré indisponible sur ce créneau. ; Tim est déclaré indisponible sur ce créneau.\"}, {\"level\": \"warning\", \"message\": \"A1 — groupe A — 30/10/2025 : Francois est déclaré indisponible sur ce créneau. ; Gilles est déclaré indisponible sur ce créneau. ; iza est déclaré indisponible sur ce créneau. ; Loic  est déclaré indisponible sur ce créneau. ; pierre est déclaré indisponible sur ce créneau. ; Tim est déclaré indisponible sur ce créneau.\"}, {\"level\": \"warning\", \"message\": \"A1 — groupe A — 31/10/2025 : Francois est déclaré indisponible sur ce créneau. ; Gilles est déclaré indisponible sur ce créneau. ; iza est déclaré indisponible sur ce créneau. ; Loic  est déclaré indisponible sur ce créneau. ; pierre est déclaré indisponible sur ce créneau. ; Tim est déclaré indisponible sur ce créneau.\"}, {\"level\": \"warning\", \"message\": \"A1 — groupe A — 03/11/2025 : Francois est déclaré indisponible sur ce créneau. ; Gilles est déclaré indisponible sur ce créneau. ; iza est déclaré indisponible sur ce créneau. ; Loic  est déclaré indisponible sur ce créneau. ; pierre est déclaré indisponible sur ce créneau. ; Tim est déclaré indisponible sur ce créneau.\"}, {\"level\": \"warning\", \"message\": \"A1 — groupe A — 04/11/2025 : Francois est déclaré indisponible sur ce créneau. ; Gilles est déclaré indisponible sur ce créneau. ; iza est déclaré indisponible sur ce créneau. ; Loic  est déclaré indisponible sur ce créneau. ; pierre est déclaré indisponible sur ce créneau. ; Tim est déclaré indisponible sur ce créneau.\"}, {\"level\": \"warning\", \"message\": \"A1 — groupe A — 05/11/2025 : Francois est déclaré indisponible sur ce créneau. ; Gilles est déclaré indisponible sur ce créneau. ; iza est déclaré indisponible sur ce créneau. ; Loic  est déclaré indisponible sur ce créneau. ; pierre est déclaré indisponible sur ce créneau. ; Tim est déclaré indisponible sur ce créneau.\"}, {\"level\": \"warning\", \"message\": \"A1 — groupe A — 06/11/2025 : Francois est déclaré indisponible sur ce créneau. ; Gilles est déclaré indisponible sur ce créneau. ; iza est déclaré indisponible sur ce créneau. ; Loic  est déclaré indisponible sur ce créneau. ; pierre est déclaré indisponible sur ce créneau. ; Tim est déclaré indisponible sur ce créneau.\"}, {\"level\": \"warning\", \"message\": \"A1 — groupe A — 07/11/2025 : Francois est déclaré indisponible sur ce créneau. ; Gilles est déclaré indisponible sur ce créneau. ; iza est déclaré indisponible sur ce créneau. ; Loic  est déclaré indisponible sur ce créneau. ; pierre est déclaré indisponible sur ce créneau. ; Tim est déclaré indisponible sur ce créneau.\"}, {\"level\": \"warning\", \"message\": \"A1 — groupe A — 10/11/2025 : Francois est déclaré indisponible sur ce créneau. ; Gilles est déclaré indisponible sur ce créneau. ; iza est déclaré indisponible sur ce créneau. ; Loic  est déclaré indisponible sur ce créneau. ; pierre est déclaré indisponible sur ce créneau. ; Tim est déclaré indisponible sur ce créneau.\"}, {\"level\": \"warning\", \"message\": \"A1 — groupe A — 11/11/2025 : Francois est déclaré indisponible sur ce créneau. ; Gilles est déclaré indisponible sur ce créneau. ; iza est déclaré indisponible sur ce créneau. ; Loic  est déclaré indisponible sur ce créneau. ; pierre est déclaré indisponible sur ce créneau. ; Tim est déclaré indisponible sur ce créneau.\"}, {\"level\": \"warning\", \"message\": \"A1 — groupe A — 12/11/2025 : Francois est déclaré indisponible sur ce créneau. ; Gilles est déclaré indisponible sur ce créneau. ; iza est déclaré indisponible sur ce créneau. ; Loic  est déclaré indisponible sur ce créneau. ; pierre est déclaré indisponible sur ce créneau. ; Tim est déclaré indisponible sur ce créneau.\"}, {\"level\": \"warning\", \"message\": \"A1 — groupe A — 13/11/2025 : Francois est déclaré indisponible sur ce créneau. ; Gilles est déclaré indisponible sur ce créneau. ; iza est déclaré indisponible sur ce créneau. ; Loic  est déclaré indisponible sur ce créneau. ; pierre est déclaré indisponible sur ce créneau. ; Tim est déclaré indisponible sur ce créneau.\"}, {\"level\": \"warning\", \"message\": \"A1 — groupe A — 14/11/2025 : Francois est déclaré indisponible sur ce créneau. ; Gilles est déclaré indisponible sur ce créneau. ; iza est déclaré indisponible sur ce créneau. ; Loic  est déclaré indisponible sur ce créneau. ; pierre est déclaré indisponible sur ce créneau. ; Tim est déclaré indisponible sur ce créneau.\"}, {\"level\": \"warning\", \"message\": \"Impossible de planifier 16 heure(s) pour A1\"}, {\"level\": \"warning\", \"message\": \"A1 — groupe B — 15/09/2025 : Francois est déclaré indisponible sur ce créneau. ; Gilles est déclaré indisponible sur ce créneau. ; iza est déclaré indisponible sur ce créneau. ; Loic  est déclaré indisponible sur ce créneau. ; pierre est déclaré indisponible sur ce créneau. ; Tim est déclaré indisponible sur ce créneau.\"}, {\"level\": \"warning\", \"message\": \"A1 — groupe B — 16/09/2025 : Francois est déclaré indisponible sur ce créneau. ; Gilles est déclaré indisponible sur ce créneau. ; iza est déclaré indisponible sur ce créneau. ; Loic  est déclaré indisponible sur ce créneau. ; pierre est déclaré indisponible sur ce créneau. ; Tim est déclaré indisponible sur ce créneau.\"}, {\"level\": \"warning\", \"message\": \"A1 — groupe B — 17/09/2025 : Francois est déclaré indisponible sur ce créneau. ; Gilles est déclaré indisponible sur ce créneau. ; iza est déclaré indisponible sur ce créneau. ; Loic  est déclaré indisponible sur ce créneau. ; pierre est déclaré indisponible sur ce créneau. ; Tim est déclaré indisponible sur ce créneau.\"}, {\"level\": \"warning\", \"message\": \"A1 — groupe B — 18/09/2025 : Francois est déclaré indisponible sur ce créneau. ; Gilles est déclaré indisponible sur ce créneau. ; iza est déclaré indisponible sur ce créneau. ; Loic  est déclaré indisponible sur ce créneau. ; pierre est déclaré indisponible sur ce créneau. ; Tim est déclaré indisponible sur ce créneau.\"}, {\"level\": \"warning\", \"message\": \"A1 — groupe B — 19/09/2025 : Francois est déclaré indisponible sur ce créneau. ; Gilles est déclaré indisponible sur ce créneau. ; iza est déclaré indisponible sur ce créneau. ; Loic  est déclaré indisponible sur ce créneau. ; pierre est déclaré indisponible sur ce créneau. ; Tim est déclaré indisponible sur ce créneau.\"}, {\"level\": \"warning\", \"message\": \"A1 — groupe B — 22/09/2025 : Francois est déclaré indisponible sur ce créneau. ; Gilles est déclaré indisponible sur ce créneau. ; iza est déclaré indisponible sur ce créneau. ; Loic  est déclaré indisponible sur ce créneau. ; pierre est déclaré indisponible sur ce créneau. ; Tim est déclaré indisponible sur ce créneau.\"}, {\"level\": \"warning\", \"message\": \"A1 — groupe B — 23/09/2025 : Francois est déclaré indisponible sur ce créneau. ; Gilles est déclaré indisponible sur ce créneau. ; iza est déclaré indisponible sur ce créneau. ; Loic  est déclaré indisponible sur ce créneau. ; pierre est déclaré indisponible sur ce créneau. ; Tim est déclaré indisponible sur ce créneau.\"}, {\"level\": \"warning\", \"message\": \"A1 — groupe B — 24/09/2025 : Francois est déclaré indisponible sur ce créneau. ; Gilles est déclaré indisponible sur ce créneau. ; iza est déclaré indisponible sur ce créneau. ; Loic  est déclaré indisponible sur ce créneau. ; pierre est déclaré indisponible sur ce créneau. ; Tim est déclaré indisponible sur ce créneau.\"}, {\"level\": \"warning\", \"message\": \"A1 — groupe B — 25/09/2025 : Francois est déclaré indisponible sur ce créneau. ; Gilles est déclaré indisponible sur ce créneau. ; iza est déclaré indisponible sur ce créneau. ; Loic  est déclaré indisponible sur ce créneau. ; pierre est déclaré indisponible sur ce créneau. ; Tim est déclaré indisponible sur ce créneau.\"}, {\"level\": \"warning\", \"message\": \"A1 — groupe B — 26/09/2025 : Francois est déclaré indisponible sur ce créneau. ; Gilles est déclaré indisponible sur ce créneau. ; iza est déclaré indisponible sur ce créneau. ; Loic  est déclaré indisponible sur ce créneau. ; pierre est déclaré indisponible sur ce créneau. ; Tim est déclaré indisponible sur ce créneau.\"}, {\"level\": \"warning\", \"message\": \"A1 — groupe B — 29/09/2025 : Francois est déclaré indisponible sur ce créneau. ; Gilles est déclaré indisponible sur ce créneau. ; iza est déclaré indisponible sur ce créneau. ; Loic  est déclaré indisponible sur ce créneau. ; pierre est déclaré indisponible sur ce créneau. ; Tim est déclaré indisponible sur ce créneau.\"}, {\"level\": \"warning\", \"message\": \"A1 — groupe B — 30/09/2025 : Francois est déclaré indisponible sur ce créneau. ; Gilles est déclaré indisponible sur ce créneau. ; iza est déclaré indisponible sur ce créneau. ; Loic  est déclaré indisponible sur ce créneau. ; pierre est déclaré indisponible sur ce créneau. ; Tim est déclaré indisponible sur ce créneau.\"}, {\"level\": \"warning\", \"message\": \"A1 — groupe B — 01/10/2025 : Francois est déclaré indisponible sur ce créneau. ; Gilles est déclaré indisponible sur ce créneau. ; iza est déclaré indisponible sur ce créneau. ; Loic  est déclaré indisponible sur ce créneau. ; pierre est déclaré indisponible sur ce créneau. ; Tim est déclaré indisponible sur ce créneau.\"}, {\"level\": \"warning\", \"message\": \"A1 — groupe B — 02/10/2025 : Francois est déclaré indisponible sur ce créneau. ; Gilles est déclaré indisponible sur ce créneau. ; iza est déclaré indisponible sur ce créneau. ; Loic  est déclaré indisponible sur ce créneau. ; pierre est déclaré indisponible sur ce créneau. ; Tim est déclaré indisponible sur ce créneau.\"}, {\"level\": \"warning\", \"message\": \"A1 — groupe B — 03/10/2025 : Francois est déclaré indisponible sur ce créneau. ; Gilles est déclaré indisponible sur ce créneau. ; iza est déclaré indisponible sur ce créneau. ; Loic  est déclaré indisponible sur ce créneau. ; pierre est déclaré indisponible sur ce créneau. ; Tim est déclaré indisponible sur ce créneau.\"}, {\"level\": \"warning\", \"message\": \"A1 — groupe B — 06/10/2025 : Francois est déclaré indisponible sur ce créneau. ; Gilles est déclaré indisponible sur ce créneau. ; iza est déclaré indisponible sur ce créneau. ; Loic  est déclaré indisponible sur ce créneau. ; pierre est déclaré indisponible sur ce créneau. ; Tim est déclaré indisponible sur ce créneau.\"}, {\"level\": \"warning\", \"message\": \"A1 — groupe B — 07/10/2025 : Francois est déclaré indisponible sur ce créneau. ; Gilles est déclaré indisponible sur ce créneau. ; iza est déclaré indisponible sur ce créneau. ; Loic  est déclaré indisponible sur ce créneau. ; pierre est déclaré indisponible sur ce créneau. ; Tim est déclaré indisponible sur ce créneau.\"}, {\"level\": \"warning\", \"message\": \"A1 — groupe B — 08/10/2025 : Francois est déclaré indisponible sur ce créneau. ; Gilles est déclaré indisponible sur ce créneau. ; iza est déclaré indisponible sur ce créneau. ; Loic  est déclaré indisponible sur ce créneau. ; pierre est déclaré indisponible sur ce créneau. ; Tim est déclaré indisponible sur ce créneau.\"}, {\"level\": \"warning\", \"message\": \"A1 — groupe B — 09/10/2025 : Francois est déclaré indisponible sur ce créneau. ; Gilles est déclaré indisponible sur ce créneau. ; iza est déclaré indisponible sur ce créneau. ; Loic  est déclaré indisponible sur ce créneau. ; pierre est déclaré indisponible sur ce créneau. ; Tim est déclaré indisponible sur ce créneau.\"}, {\"level\": \"warning\", \"message\": \"A1 — groupe B — 10/10/2025 : Francois est déclaré indisponible sur ce créneau. ; Gilles est déclaré indisponible sur ce créneau. ; iza est déclaré indisponible sur ce créneau. ; Loic  est déclaré indisponible sur ce créneau. ; pierre est déclaré indisponible sur ce créneau. ; Tim est déclaré indisponible sur ce créneau.\"}, {\"level\": \"warning\", \"message\": \"A1 — groupe B — 13/10/2025 : Francois est déclaré indisponible sur ce créneau. ; Gilles est déclaré indisponible sur ce créneau. ; iza est déclaré indisponible sur ce créneau. ; Loic  est déclaré indisponible sur ce créneau. ; pierre est déclaré indisponible sur ce créneau. ; Tim est déclaré indisponible sur ce créneau.\"}, {\"level\": \"warning\", \"message\": \"A1 — groupe B — 14/10/2025 : Francois est déclaré indisponible sur ce créneau. ; Gilles est déclaré indisponible sur ce créneau. ; iza est déclaré indisponible sur ce créneau. ; Loic  est déclaré indisponible sur ce créneau. ; pierre est déclaré indisponible sur ce créneau. ; Tim est déclaré indisponible sur ce créneau.\"}, {\"level\": \"warning\", \"message\": \"A1 — groupe B — 15/10/2025 : Francois est déclaré indisponible sur ce créneau. ; Gilles est déclaré indisponible sur ce créneau. ; iza est déclaré indisponible sur ce créneau. ; Loic  est déclaré indisponible sur ce créneau. ; pierre est déclaré indisponible sur ce créneau. ; Tim est déclaré indisponible sur ce créneau.\"}, {\"level\": \"warning\", \"message\": \"A1 — groupe B — 16/10/2025 : Francois est déclaré indisponible sur ce créneau. ; Gilles est déclaré indisponible sur ce créneau. ; iza est déclaré indisponible sur ce créneau. ; Loic  est déclaré indisponible sur ce créneau. ; pierre est déclaré indisponible sur ce créneau. ; Tim est déclaré indisponible sur ce créneau.\"}, {\"level\": \"warning\", \"message\": \"A1 — groupe B — 17/10/2025 : Francois est déclaré indisponible sur ce créneau. ; Gilles est déclaré indisponible sur ce créneau. ; iza est déclaré indisponible sur ce créneau. ; Loic  est déclaré indisponible sur ce créneau. ; pierre est déclaré indisponible sur ce créneau. ; Tim est déclaré indisponible sur ce créneau.\"}, {\"level\": \"warning\", \"message\": \"A1 — groupe B — 20/10/2025 : Francois est déclaré indisponible sur ce créneau. ; Gilles est déclaré indisponible sur ce créneau. ; iza est déclaré indisponible sur ce créneau. ; Loic  est déclaré indisponible sur ce créneau. ; pierre est déclaré indisponible sur ce créneau. ; Tim est déclaré indisponible sur ce créneau.\"}, {\"level\": \"warning\", \"message\": \"A1 — groupe B — 21/10/2025 : Francois est déclaré indisponible sur ce créneau. ; Gilles est déclaré indisponible sur ce créneau. ; iza est déclaré indisponible sur ce créneau. ; Loic  est déclaré indisponible sur ce créneau. ; pierre est déclaré indisponible sur ce créneau. ; Tim est déclaré indisponible sur ce créneau.\"}, {\"level\": \"warning\", \"message\": \"A1 — groupe B — 22/10/2025 : Francois est déclaré indisponible sur ce créneau. ; Gilles est déclaré indisponible sur ce créneau. ; iza est déclaré indisponible sur ce créneau. ; Loic  est déclaré indisponible sur ce créneau. ; pierre est déclaré indisponible sur ce créneau. ; Tim est déclaré indisponible sur ce créneau.\"}, {\"level\": \"warning\", \"message\": \"A1 — groupe B — 23/10/2025 : Francois est déclaré indisponible sur ce créneau. ; Gilles est déclaré indisponible sur ce créneau. ; iza est déclaré indisponible sur ce créneau. ; Loic  est déclaré indisponible sur ce créneau. ; pierre est déclaré indisponible sur ce créneau. ; Tim est déclaré indisponible sur ce créneau.\"}, {\"level\": \"warning\", \"message\": \"A1 — groupe B — 24/10/2025 : Francois est déclaré indisponible sur ce créneau. ; Gilles est déclaré indisponible sur ce créneau. ; iza est déclaré indisponible sur ce créneau. ; Loic  est déclaré indisponible sur ce créneau. ; pierre est déclaré indisponible sur ce créneau. ; Tim est déclaré indisponible sur ce créneau.\"}, {\"level\": \"warning\", \"message\": \"A1 — groupe B — 27/10/2025 : Francois est déclaré indisponible sur ce créneau. ; Gilles est déclaré indisponible sur ce créneau. ; iza est déclaré indisponible sur ce créneau. ; Loic  est déclaré indisponible sur ce créneau. ; pierre est déclaré indisponible sur ce créneau. ; Tim est déclaré indisponible sur ce créneau.\"}, {\"level\": \"warning\", \"message\": \"A1 — groupe B — 28/10/2025 : Francois est déclaré indisponible sur ce créneau. ; Gilles est déclaré indisponible sur ce créneau. ; iza est déclaré indisponible sur ce créneau. ; Loic  est déclaré indisponible sur ce créneau. ; pierre est déclaré indisponible sur ce créneau. ; Tim est déclaré indisponible sur ce créneau.\"}, {\"level\": \"warning\", \"message\": \"A1 — groupe B — 29/10/2025 : Francois est déclaré indisponible sur ce créneau. ; Gilles est déclaré indisponible sur ce créneau. ; iza est déclaré indisponible sur ce créneau. ; Loic  est déclaré indisponible sur ce créneau. ; pierre est déclaré indisponible sur ce créneau. ; Tim est déclaré indisponible sur ce créneau.\"}, {\"level\": \"warning\", \"message\": \"A1 — groupe B — 30/10/2025 : Francois est déclaré indisponible sur ce créneau. ; Gilles est déclaré indisponible sur ce créneau. ; iza est déclaré indisponible sur ce créneau. ; Loic  est déclaré indisponible sur ce créneau. ; pierre est déclaré indisponible sur ce créneau. ; Tim est déclaré indisponible sur ce créneau.\"}, {\"level\": \"warning\", \"message\": \"A1 — groupe B — 31/10/2025 : Francois est déclaré indisponible sur ce créneau. ; Gilles est déclaré indisponible sur ce créneau. ; iza est déclaré indisponible sur ce créneau. ; Loic  est déclaré indisponible sur ce créneau. ; pierre est déclaré indisponible sur ce créneau. ; Tim est déclaré indisponible sur ce créneau.\"}, {\"level\": \"warning\", \"message\": \"A1 — groupe B — 03/11/2025 : Francois est déclaré indisponible sur ce créneau. ; Gilles est déclaré indisponible sur ce créneau. ; iza est déclaré indisponible sur ce créneau. ; Loic  est déclaré indisponible sur ce créneau. ; pierre est déclaré indisponible sur ce créneau. ; Tim est déclaré indisponible sur ce créneau.\"}, {\"level\": \"warning\", \"message\": \"A1 — groupe B — 04/11/2025 : Francois est déclaré indisponible sur ce créneau. ; Gilles est déclaré indisponible sur ce créneau. ; iza est déclaré indisponible sur ce créneau. ; Loic  est déclaré indisponible sur ce créneau. ; pierre est déclaré indisponible sur ce créneau. ; Tim est déclaré indisponible sur ce créneau.\"}, {\"level\": \"warning\", \"message\": \"A1 — groupe B — 05/11/2025 : Francois est déclaré indisponible sur ce créneau. ; Gilles est déclaré indisponible sur ce créneau. ; iza est déclaré indisponible sur ce créneau. ; Loic  est déclaré indisponible sur ce créneau. ; pierre est déclaré indisponible sur ce créneau. ; Tim est déclaré indisponible sur ce créneau.\"}, {\"level\": \"warning\", \"message\": \"A1 — groupe B — 06/11/2025 : Francois est déclaré indisponible sur ce créneau. ; Gilles est déclaré indisponible sur ce créneau. ; iza est déclaré indisponible sur ce créneau. ; Loic  est déclaré indisponible sur ce créneau. ; pierre est déclaré indisponible sur ce créneau. ; Tim est déclaré indisponible sur ce créneau.\"}, {\"level\": \"warning\", \"message\": \"A1 — groupe B — 07/11/2025 : Francois est déclaré indisponible sur ce créneau. ; Gilles est déclaré indisponible sur ce créneau. ; iza est déclaré indisponible sur ce créneau. ; Loic  est déclaré indisponible sur ce créneau. ; pierre est déclaré indisponible sur ce créneau. ; Tim est déclaré indisponible sur ce créneau.\"}, {\"level\": \"warning\", \"message\": \"A1 — groupe B — 10/11/2025 : Francois est déclaré indisponible sur ce créneau. ; Gilles est déclaré indisponible sur ce créneau. ; iza est déclaré indisponible sur ce créneau. ; Loic  est déclaré indisponible sur ce créneau. ; pierre est déclaré indisponible sur ce créneau. ; Tim est déclaré indisponible sur ce créneau.\"}, {\"level\": \"warning\", \"message\": \"A1 — groupe B — 11/11/2025 : Francois est déclaré indisponible sur ce créneau. ; Gilles est déclaré indisponible sur ce créneau. ; iza est déclaré indisponible sur ce créneau. ; Loic  est déclaré indisponible sur ce créneau. ; pierre est déclaré indisponible sur ce créneau. ; Tim est déclaré indisponible sur ce créneau.\"}, {\"level\": \"warning\", \"message\": \"A1 — groupe B — 12/11/2025 : Francois est déclaré indisponible sur ce créneau. ; Gilles est déclaré indisponible sur ce créneau. ; iza est déclaré indisponible sur ce créneau. ; Loic  est déclaré indisponible sur ce créneau. ; pierre est déclaré indisponible sur ce créneau. ; Tim est déclaré indisponible sur ce créneau.\"}, {\"level\": \"warning\", \"message\": \"A1 — groupe B — 13/11/2025 : Francois est déclaré indisponible sur ce créneau. ; Gilles est déclaré indisponible sur ce créneau. ; iza est déclaré indisponible sur ce créneau. ; Loic  est déclaré indisponible sur ce créneau. ; pierre est déclaré indisponible sur ce créneau. ; Tim est déclaré indisponible sur ce créneau.\"}, {\"level\": \"warning\", \"message\": \"A1 — groupe B — 14/11/2025 : Francois est déclaré indisponible sur ce créneau. ; Gilles est déclaré indisponible sur ce créneau. ; iza est déclaré indisponible sur ce créneau. ; Loic  est déclaré indisponible sur ce créneau. ; pierre est déclaré indisponible sur ce créneau. ; Tim est déclaré indisponible sur ce créneau.\"}, {\"level\": \"warning\", \"message\": \"Impossible de planifier 16 heure(s) pour A1\"}, {\"level\": \"warning\", \"message\": \"A2 — groupe A — 15/09/2025 : Francois est déclaré indisponible sur ce créneau. ; Gilles est déclaré indisponible sur ce créneau. ; iza est déclaré indisponible sur ce créneau. ; Loic  est déclaré indisponible sur ce créneau. ; pierre est déclaré indisponible sur ce créneau. ; Tim est déclaré indisponible sur ce créneau.\"}, {\"level\": \"warning\", \"message\": \"A2 — groupe A — 16/09/2025 : Francois est déclaré indisponible sur ce créneau. ; Gilles est déclaré indisponible sur ce créneau. ; iza est déclaré indisponible sur ce créneau. ; Loic  est déclaré indisponible sur ce créneau. ; pierre est déclaré indisponible sur ce créneau. ; Tim est déclaré indisponible sur ce créneau.\"}, {\"level\": \"warning\", \"message\": \"A2 — groupe A — 17/09/2025 : Francois est déclaré indisponible sur ce créneau. ; Gilles est déclaré indisponible sur ce créneau. ; iza est déclaré indisponible sur ce créneau. ; Loic  est déclaré indisponible sur ce créneau. ; pierre est déclaré indisponible sur ce créneau. ; Tim est déclaré indisponible sur ce créneau.\"}, {\"level\": \"warning\", \"message\": \"A2 — groupe A — 18/09/2025 : Francois est déclaré indisponible sur ce créneau. ; Gilles est déclaré indisponible sur ce créneau. ; iza est déclaré indisponible sur ce créneau. ; Loic  est déclaré indisponible sur ce créneau. ; pierre est déclaré indisponible sur ce créneau. ; Tim est déclaré indisponible sur ce créneau.\"}, {\"level\": \"warning\", \"message\": \"A2 — groupe A — 19/09/2025 : Francois est déclaré indisponible sur ce créneau. ; Gilles est déclaré indisponible sur ce créneau. ; iza est déclaré indisponible sur ce créneau. ; Loic  est déclaré indisponible sur ce créneau. ; pierre est déclaré indisponible sur ce créneau. ; Tim est déclaré indisponible sur ce créneau.\"}, {\"level\": \"warning\", \"message\": \"A2 — groupe A — 22/09/2025 : Francois est déclaré indisponible sur ce créneau. ; Gilles est déclaré indisponible sur ce créneau. ; iza est déclaré indisponible sur ce créneau. ; Loic  est déclaré indisponible sur ce créneau. ; pierre est déclaré indisponible sur ce créneau. ; Tim est déclaré indisponible sur ce créneau.\"}, {\"level\": \"warning\", \"message\": \"A2 — groupe A — 23/09/2025 : Francois est déclaré indisponible sur ce créneau. ; Gilles est déclaré indisponible sur ce créneau. ; iza est déclaré indisponible sur ce créneau. ; Loic  est déclaré indisponible sur ce créneau. ; pierre est déclaré indisponible sur ce créneau. ; Tim est déclaré indisponible sur ce créneau.\"}, {\"level\": \"warning\", \"message\": \"A2 — groupe A — 24/09/2025 : Francois est déclaré indisponible sur ce créneau. ; Gilles est déclaré indisponible sur ce créneau. ; iza est déclaré indisponible sur ce créneau. ; Loic  est déclaré indisponible sur ce créneau. ; pierre est déclaré indisponible sur ce créneau. ; Tim est déclaré indisponible sur ce créneau.\"}, {\"level\": \"warning\", \"message\": \"A2 — groupe A — 25/09/2025 : Francois est déclaré indisponible sur ce créneau. ; Gilles est déclaré indisponible sur ce créneau. ; iza est déclaré indisponible sur ce créneau. ; Loic  est déclaré indisponible sur ce créneau. ; pierre est déclaré indisponible sur ce créneau. ; Tim est déclaré indisponible sur ce créneau.\"}, {\"level\": \"warning\", \"message\": \"A2 — groupe A — 26/09/2025 : Francois est déclaré indisponible sur ce créneau. ; Gilles est déclaré indisponible sur ce créneau. ; iza est déclaré indisponible sur ce créneau. ; Loic  est déclaré indisponible sur ce créneau. ; pierre est déclaré indisponible sur ce créneau. ; Tim est déclaré indisponible sur ce créneau.\"}, {\"level\": \"warning\", \"message\": \"A2 — groupe A — 29/09/2025 : Francois est déclaré indisponible sur ce créneau. ; Gilles est déclaré indisponible sur ce créneau. ; iza est déclaré indisponible sur ce créneau. ; Loic  est déclaré indisponible sur ce créneau. ; pierre est déclaré indisponible sur ce créneau. ; Tim est déclaré indisponible sur ce créneau.\"}, {\"level\": \"warning\", \"message\": \"A2 — groupe A — 30/09/2025 : Francois est déclaré indisponible sur ce créneau. ; Gilles est déclaré indisponible sur ce créneau. ; iza est déclaré indisponible sur ce créneau. ; Loic  est déclaré indisponible sur ce créneau. ; pierre est déclaré indisponible sur ce créneau. ; Tim est déclaré indisponible sur ce créneau.\"}, {\"level\": \"warning\", \"message\": \"A2 — groupe A — 01/10/2025 : Francois est déclaré indisponible sur ce créneau. ; Gilles est déclaré indisponible sur ce créneau. ; iza est déclaré indisponible sur ce créneau. ; Loic  est déclaré indisponible sur ce créneau. ; pierre est déclaré indisponible sur ce créneau. ; Tim est déclaré indisponible sur ce créneau.\"}, {\"level\": \"warning\", \"message\": \"A2 — groupe A — 02/10/2025 : Francois est déclaré indisponible sur ce créneau. ; Gilles est déclaré indisponible sur ce créneau. ; iza est déclaré indisponible sur ce créneau. ; Loic  est déclaré indisponible sur ce créneau. ; pierre est déclaré indisponible sur ce créneau. ; Tim est déclaré indisponible sur ce créneau.\"}, {\"level\": \"warning\", \"message\": \"A2 — groupe A — 03/10/2025 : Francois est déclaré indisponible sur ce créneau. ; Gilles est déclaré indisponible sur ce créneau. ; iza est déclaré indisponible sur ce créneau. ; Loic  est déclaré indisponible sur ce créneau. ; pierre est déclaré indisponible sur ce créneau. ; Tim est déclaré indisponible sur ce créneau.\"}, {\"level\": \"warning\", \"message\": \"A2 — groupe A — 06/10/2025 : Francois est déclaré indisponible sur ce créneau. ; Gilles est déclaré indisponible sur ce créneau. ; iza est déclaré indisponible sur ce créneau. ; Loic  est déclaré indisponible sur ce créneau. ; pierre est déclaré indisponible sur ce créneau. ; Tim est déclaré indisponible sur ce créneau.\"}, {\"level\": \"warning\", \"message\": \"A2 — groupe A — 07/10/2025 : Francois est déclaré indisponible sur ce créneau. ; Gilles est déclaré indisponible sur ce créneau. ; iza est déclaré indisponible sur ce créneau. ; Loic  est déclaré indisponible sur ce créneau. ; pierre est déclaré indisponible sur ce créneau. ; Tim est déclaré indisponible sur ce créneau.\"}, {\"level\": \"warning\", \"message\": \"A2 — groupe A — 08/10/2025 : Francois est déclaré indisponible sur ce créneau. ; Gilles est déclaré indisponible sur ce créneau. ; iza est déclaré indisponible sur ce créneau. ; Loic  est déclaré indisponible sur ce créneau. ; pierre est déclaré indisponible sur ce créneau. ; Tim est déclaré indisponible sur ce créneau.\"}, {\"level\": \"warning\", \"message\": \"A2 — groupe A — 09/10/2025 : Francois est déclaré indisponible sur ce créneau. ; Gilles est déclaré indisponible sur ce créneau. ; iza est déclaré indisponible sur ce créneau. ; Loic  est déclaré indisponible sur ce créneau. ; pierre est déclaré indisponible sur ce créneau. ; Tim est déclaré indisponible sur ce créneau.\"}, {\"level\": \"warning\", \"message\": \"A2 — groupe A — 10/10/2025 : Francois est déclaré indisponible sur ce créneau. ; Gilles est déclaré indisponible sur ce créneau. ; iza est déclaré indisponible sur ce créneau. ; Loic  est déclaré indisponible sur ce créneau. ; pierre est déclaré indisponible sur ce créneau. ; Tim est déclaré indisponible sur ce créneau.\"}, {\"level\": \"warning\", \"message\": \"A2 — groupe A — 13/10/2025 : Francois est déclaré indisponible sur ce créneau. ; Gilles est déclaré indisponible sur ce créneau. ; iza est déclaré indisponible sur ce créneau. ; Loic  est déclaré indisponible sur ce créneau. ; pierre est déclaré indisponible sur ce créneau. ; Tim est déclaré indisponible sur ce créneau.\"}, {\"level\": \"warning\", \"message\": \"A2 — groupe A — 14/10/2025 : Francois est déclaré indisponible sur ce créneau. ; Gilles est déclaré indisponible sur ce créneau. ; iza est déclaré indisponible sur ce créneau. ; Loic  est déclaré indisponible sur ce créneau. ; pierre est déclaré indisponible sur ce créneau. ; Tim est déclaré indisponible sur ce créneau.\"}, {\"level\": \"warning\", \"message\": \"A2 — groupe A — 15/10/2025 : Francois est déclaré indisponible sur ce créneau. ; Gilles est déclaré indisponible sur ce créneau. ; iza est déclaré indisponible sur ce créneau. ; Loic  est déclaré indisponible sur ce créneau. ; pierre est déclaré indisponible sur ce créneau. ; Tim est déclaré indisponible sur ce créneau.\"}, {\"level\": \"warning\", \"message\": \"A2 — groupe A — 16/10/2025 : Francois est déclaré indisponible sur ce créneau. ; Gilles est déclaré indisponible sur ce créneau. ; iza est déclaré indisponible sur ce créneau. ; Loic  est déclaré indisponible sur ce créneau. ; pierre est déclaré indisponible sur ce créneau. ; Tim est déclaré indisponible sur ce créneau.\"}, {\"level\": \"warning\", \"message\": \"A2 — groupe A — 17/10/2025 : Francois est déclaré indisponible sur ce créneau. ; Gilles est déclaré indisponible sur ce créneau. ; iza est déclaré indisponible sur ce créneau. ; Loic  est déclaré indisponible sur ce créneau. ; pierre est déclaré indisponible sur ce créneau. ; Tim est déclaré indisponible sur ce créneau.\"}, {\"level\": \"warning\", \"message\": \"A2 — groupe A — 20/10/2025 : Francois est déclaré indisponible sur ce créneau. ; Gilles est déclaré indisponible sur ce créneau. ; iza est déclaré indisponible sur ce créneau. ; Loic  est déclaré indisponible sur ce créneau. ; pierre est déclaré indisponible sur ce créneau. ; Tim est déclaré indisponible sur ce créneau.\"}, {\"level\": \"warning\", \"message\": \"A2 — groupe A — 21/10/2025 : Francois est déclaré indisponible sur ce créneau. ; Gilles est déclaré indisponible sur ce créneau. ; iza est déclaré indisponible sur ce créneau. ; Loic  est déclaré indisponible sur ce créneau. ; pierre est déclaré indisponible sur ce créneau. ; Tim est déclaré indisponible sur ce créneau.\"}, {\"level\": \"warning\", \"message\": \"A2 — groupe A — 22/10/2025 : Francois est déclaré indisponible sur ce créneau. ; Gilles est déclaré indisponible sur ce créneau. ; iza est déclaré indisponible sur ce créneau. ; Loic  est déclaré indisponible sur ce créneau. ; pierre est déclaré indisponible sur ce créneau. ; Tim est déclaré indisponible sur ce créneau.\"}, {\"level\": \"warning\", \"message\": \"A2 — groupe A — 23/10/2025 : Francois est déclaré indisponible sur ce créneau. ; Gilles est déclaré indisponible sur ce créneau. ; iza est déclaré indisponible sur ce créneau. ; Loic  est déclaré indisponible sur ce créneau. ; pierre est déclaré indisponible sur ce créneau. ; Tim est déclaré indisponible sur ce créneau.\"}, {\"level\": \"warning\", \"message\": \"A2 — groupe A — 24/10/2025 : Francois est déclaré indisponible sur ce créneau. ; Gilles est déclaré indisponible sur ce créneau. ; iza est déclaré indisponible sur ce créneau. ; Loic  est déclaré indisponible sur ce créneau. ; pierre est déclaré indisponible sur ce créneau. ; Tim est déclaré indisponible sur ce créneau.\"}, {\"level\": \"warning\", \"message\": \"A2 — groupe A — 27/10/2025 : Francois est déclaré indisponible sur ce créneau. ; Gilles est déclaré indisponible sur ce créneau. ; iza est déclaré indisponible sur ce créneau. ; Loic  est déclaré indisponible sur ce créneau. ; pierre est déclaré indisponible sur ce créneau. ; Tim est déclaré indisponible sur ce créneau.\"}, {\"level\": \"warning\", \"message\": \"A2 — groupe A — 28/10/2025 : Francois est déclaré indisponible sur ce créneau. ; Gilles est déclaré indisponible sur ce créneau. ; iza est déclaré indisponible sur ce créneau. ; Loic  est déclaré indisponible sur ce créneau. ; pierre est déclaré indisponible sur ce créneau. ; Tim est déclaré indisponible sur ce créneau.\"}, {\"level\": \"warning\", \"message\": \"A2 — groupe A — 29/10/2025 : Francois est déclaré indisponible sur ce créneau. ; Gilles est déclaré indisponible sur ce créneau. ; iza est déclaré indisponible sur ce créneau. ; Loic  est déclaré indisponible sur ce créneau. ; pierre est déclaré indisponible sur ce créneau. ; Tim est déclaré indisponible sur ce créneau.\"}, {\"level\": \"warning\", \"message\": \"A2 — groupe A — 30/10/2025 : Francois est déclaré indisponible sur ce créneau. ; Gilles est déclaré indisponible sur ce créneau. ; iza est déclaré indisponible sur ce créneau. ; Loic  est déclaré indisponible sur ce créneau. ; pierre est déclaré indisponible sur ce créneau. ; Tim est déclaré indisponible sur ce créneau.\"}, {\"level\": \"warning\", \"message\": \"A2 — groupe A — 31/10/2025 : Francois est déclaré indisponible sur ce créneau. ; Gilles est déclaré indisponible sur ce créneau. ; iza est déclaré indisponible sur ce créneau. ; Loic  est déclaré indisponible sur ce créneau. ; pierre est déclaré indisponible sur ce créneau. ; Tim est déclaré indisponible sur ce créneau.\"}, {\"level\": \"warning\", \"message\": \"A2 — groupe A — 03/11/2025 : Francois est déclaré indisponible sur ce créneau. ; Gilles est déclaré indisponible sur ce créneau. ; iza est déclaré indisponible sur ce créneau. ; Loic  est déclaré indisponible sur ce créneau. ; pierre est déclaré indisponible sur ce créneau. ; Tim est déclaré indisponible sur ce créneau.\"}, {\"level\": \"warning\", \"message\": \"A2 — groupe A — 04/11/2025 : Francois est déclaré indisponible sur ce créneau. ; Gilles est déclaré indisponible sur ce créneau. ; iza est déclaré indisponible sur ce créneau. ; Loic  est déclaré indisponible sur ce créneau. ; pierre est déclaré indisponible sur ce créneau. ; Tim est déclaré indisponible sur ce créneau.\"}, {\"level\": \"warning\", \"message\": \"A2 — groupe A — 05/11/2025 : Francois est déclaré indisponible sur ce créneau. ; Gilles est déclaré indisponible sur ce créneau. ; iza est déclaré indisponible sur ce créneau. ; Loic  est déclaré indisponible sur ce créneau. ; pierre est déclaré indisponible sur ce créneau. ; Tim est déclaré indisponible sur ce créneau.\"}, {\"level\": \"warning\", \"message\": \"A2 — groupe A — 06/11/2025 : Francois est déclaré indisponible sur ce créneau. ; Gilles est déclaré indisponible sur ce créneau. ; iza est déclaré indisponible sur ce créneau. ; Loic  est déclaré indisponible sur ce créneau. ; pierre est déclaré indisponible sur ce créneau. ; Tim est déclaré indisponible sur ce créneau.\"}, {\"level\": \"warning\", \"message\": \"A2 — groupe A — 07/11/2025 : Francois est déclaré indisponible sur ce créneau. ; Gilles est déclaré indisponible sur ce créneau. ; iza est déclaré indisponible sur ce créneau. ; Loic  est déclaré indisponible sur ce créneau. ; pierre est déclaré indisponible sur ce créneau. ; Tim est déclaré indisponible sur ce créneau.\"}, {\"level\": \"warning\", \"message\": \"A2 — groupe A — 10/11/2025 : Francois est déclaré indisponible sur ce créneau. ; Gilles est déclaré indisponible sur ce créneau. ; iza est déclaré indisponible sur ce créneau. ; Loic  est déclaré indisponible sur ce créneau. ; pierre est déclaré indisponible sur ce créneau. ; Tim est déclaré indisponible sur ce créneau.\"}, {\"level\": \"warning\", \"message\": \"A2 — groupe A — 11/11/2025 : Francois est déclaré indisponible sur ce créneau. ; Gilles est déclaré indisponible sur ce créneau. ; iza est déclaré indisponible sur ce créneau. ; Loic  est déclaré indisponible sur ce créneau. ; pierre est déclaré indisponible sur ce créneau. ; Tim est déclaré indisponible sur ce créneau.\"}, {\"level\": \"warning\", \"message\": \"A2 — groupe A — 12/11/2025 : Francois est déclaré indisponible sur ce créneau. ; Gilles est déclaré indisponible sur ce créneau. ; iza est déclaré indisponible sur ce créneau. ; Loic  est déclaré indisponible sur ce créneau. ; pierre est déclaré indisponible sur ce créneau. ; Tim est déclaré indisponible sur ce créneau.\"}, {\"level\": \"warning\", \"message\": \"A2 — groupe A — 13/11/2025 : Francois est déclaré indisponible sur ce créneau. ; Gilles est déclaré indisponible sur ce créneau. ; iza est déclaré indisponible sur ce créneau. ; Loic  est déclaré indisponible sur ce créneau. ; pierre est déclaré indisponible sur ce créneau. ; Tim est déclaré indisponible sur ce créneau.\"}, {\"level\": \"warning\", \"message\": \"A2 — groupe A — 14/11/2025 : Francois est déclaré indisponible sur ce créneau. ; Gilles est déclaré indisponible sur ce créneau. ; iza est déclaré indisponible sur ce créneau. ; Loic  est déclaré indisponible sur ce créneau. ; pierre est déclaré indisponible sur ce créneau. ; Tim est déclaré indisponible sur ce créneau.\"}, {\"level\": \"warning\", \"message\": \"Impossible de planifier 16 heure(s) pour A2\"}, {\"level\": \"warning\", \"message\": \"A2 — groupe B — 15/09/2025 : Francois est déclaré indisponible sur ce créneau. ; Gilles est déclaré indisponible sur ce créneau. ; iza est déclaré indisponible sur ce créneau. ; Loic  est déclaré indisponible sur ce créneau. ; pierre est déclaré indisponible sur ce créneau. ; Tim est déclaré indisponible sur ce créneau.\"}, {\"level\": \"warning\", \"message\": \"A2 — groupe B — 16/09/2025 : Francois est déclaré indisponible sur ce créneau. ; Gilles est déclaré indisponible sur ce créneau. ; iza est déclaré indisponible sur ce créneau. ; Loic  est déclaré indisponible sur ce créneau. ; pierre est déclaré indisponible sur ce créneau. ; Tim est déclaré indisponible sur ce créneau.\"}, {\"level\": \"warning\", \"message\": \"A2 — groupe B — 17/09/2025 : Francois est déclaré indisponible sur ce créneau. ; Gilles est déclaré indisponible sur ce créneau. ; iza est déclaré indisponible sur ce créneau. ; Loic  est déclaré indisponible sur ce créneau. ; pierre est déclaré indisponible sur ce créneau. ; Tim est déclaré indisponible sur ce créneau.\"}, {\"level\": \"warning\", \"message\": \"A2 — groupe B — 18/09/2025 : Francois est déclaré indisponible sur ce créneau. ; Gilles est déclaré indisponible sur ce créneau. ; iza est déclaré indisponible sur ce créneau. ; Loic  est déclaré indisponible sur ce créneau. ; pierre est déclaré indisponible sur ce créneau. ; Tim est déclaré indisponible sur ce créneau.\"}, {\"level\": \"warning\", \"message\": \"A2 — groupe B — 19/09/2025 : Francois est déclaré indisponible sur ce créneau. ; Gilles est déclaré indisponible sur ce créneau. ; iza est déclaré indisponible sur ce créneau. ; Loic  est déclaré indisponible sur ce créneau. ; pierre est déclaré indisponible sur ce créneau. ; Tim est déclaré indisponible sur ce créneau.\"}, {\"level\": \"warning\", \"message\": \"A2 — groupe B — 22/09/2025 : Francois est déclaré indisponible sur ce créneau. ; Gilles est déclaré indisponible sur ce créneau. ; iza est déclaré indisponible sur ce créneau. ; Loic  est déclaré indisponible sur ce créneau. ; pierre est déclaré indisponible sur ce créneau. ; Tim est déclaré indisponible sur ce créneau.\"}, {\"level\": \"warning\", \"message\": \"A2 — groupe B — 23/09/2025 : Francois est déclaré indisponible sur ce créneau. ; Gilles est déclaré indisponible sur ce créneau. ; iza est déclaré indisponible sur ce créneau. ; Loic  est déclaré indisponible sur ce créneau. ; pierre est déclaré indisponible sur ce créneau. ; Tim est déclaré indisponible sur ce créneau.\"}, {\"level\": \"warning\", \"message\": \"A2 — groupe B — 24/09/2025 : Francois est déclaré indisponible sur ce créneau. ; Gilles est déclaré indisponible sur ce créneau. ; iza est déclaré indisponible sur ce créneau. ; Loic  est déclaré indisponible sur ce créneau. ; pierre est déclaré indisponible sur ce créneau. ; Tim est déclaré indisponible sur ce créneau.\"}, {\"level\": \"warning\", \"message\": \"A2 — groupe B — 25/09/2025 : Francois est déclaré indisponible sur ce créneau. ; Gilles est déclaré indisponible sur ce créneau. ; iza est déclaré indisponible sur ce créneau. ; Loic  est déclaré indisponible sur ce créneau. ; pierre est déclaré indisponible sur ce créneau. ; Tim est déclaré indisponible sur ce créneau.\"}, {\"level\": \"warning\", \"message\": \"A2 — groupe B — 26/09/2025 : Francois est déclaré indisponible sur ce créneau. ; Gilles est déclaré indisponible sur ce créneau. ; iza est déclaré indisponible sur ce créneau. ; Loic  est déclaré indisponible sur ce créneau. ; pierre est déclaré indisponible sur ce créneau. ; Tim est déclaré indisponible sur ce créneau.\"}, {\"level\": \"warning\", \"message\": \"A2 — groupe B — 29/09/2025 : Francois est déclaré indisponible sur ce créneau. ; Gilles est déclaré indisponible sur ce créneau. ; iza est déclaré indisponible sur ce créneau. ; Loic  est déclaré indisponible sur ce créneau. ; pierre est déclaré indisponible sur ce créneau. ; Tim est déclaré indisponible sur ce créneau.\"}, {\"level\": \"warning\", \"message\": \"A2 — groupe B — 30/09/2025 : Francois est déclaré indisponible sur ce créneau. ; Gilles est déclaré indisponible sur ce créneau. ; iza est déclaré indisponible sur ce créneau. ; Loic  est déclaré indisponible sur ce créneau. ; pierre est déclaré indisponible sur ce créneau. ; Tim est déclaré indisponible sur ce créneau.\"}, {\"level\": \"warning\", \"message\": \"A2 — groupe B — 01/10/2025 : Francois est déclaré indisponible sur ce créneau. ; Gilles est déclaré indisponible sur ce créneau. ; iza est déclaré indisponible sur ce créneau. ; Loic  est déclaré indisponible sur ce créneau. ; pierre est déclaré indisponible sur ce créneau. ; Tim est déclaré indisponible sur ce créneau.\"}, {\"level\": \"warning\", \"message\": \"A2 — groupe B — 02/10/2025 : Francois est déclaré indisponible sur ce créneau. ; Gilles est déclaré indisponible sur ce créneau. ; iza est déclaré indisponible sur ce créneau. ; Loic  est déclaré indisponible sur ce créneau. ; pierre est déclaré indisponible sur ce créneau. ; Tim est déclaré indisponible sur ce créneau.\"}, {\"level\": \"warning\", \"message\": \"A2 — groupe B — 03/10/2025 : Francois est déclaré indisponible sur ce créneau. ; Gilles est déclaré indisponible sur ce créneau. ; iza est déclaré indisponible sur ce créneau. ; Loic  est déclaré indisponible sur ce créneau. ; pierre est déclaré indisponible sur ce créneau. ; Tim est déclaré indisponible sur ce créneau.\"}, {\"level\": \"warning\", \"message\": \"A2 — groupe B — 06/10/2025 : Francois est déclaré indisponible sur ce créneau. ; Gilles est déclaré indisponible sur ce créneau. ; iza est déclaré indisponible sur ce créneau. ; Loic  est déclaré indisponible sur ce créneau. ; pierre est déclaré indisponible sur ce créneau. ; Tim est déclaré indisponible sur ce créneau.\"}, {\"level\": \"warning\", \"message\": \"A2 — groupe B — 07/10/2025 : Francois est déclaré indisponible sur ce créneau. ; Gilles est déclaré indisponible sur ce créneau. ; iza est déclaré indisponible sur ce créneau. ; Loic  est déclaré indisponible sur ce créneau. ; pierre est déclaré indisponible sur ce créneau. ; Tim est déclaré indisponible sur ce créneau.\"}, {\"level\": \"warning\", \"message\": \"A2 — groupe B — 08/10/2025 : Francois est déclaré indisponible sur ce créneau. ; Gilles est déclaré indisponible sur ce créneau. ; iza est déclaré indisponible sur ce créneau. ; Loic  est déclaré indisponible sur ce créneau. ; pierre est déclaré indisponible sur ce créneau. ; Tim est déclaré indisponible sur ce créneau.\"}, {\"level\": \"warning\", \"message\": \"A2 — groupe B — 09/10/2025 : Francois est déclaré indisponible sur ce créneau. ; Gilles est déclaré indisponible sur ce créneau. ; iza est déclaré indisponible sur ce créneau. ; Loic  est déclaré indisponible sur ce créneau. ; pierre est déclaré indisponible sur ce créneau. ; Tim est déclaré indisponible sur ce créneau.\"}, {\"level\": \"warning\", \"message\": \"A2 — groupe B — 10/10/2025 : Francois est déclaré indisponible sur ce créneau. ; Gilles est déclaré indisponible sur ce créneau. ; iza est déclaré indisponible sur ce créneau. ; Loic  est déclaré indisponible sur ce créneau. ; pierre est déclaré indisponible sur ce créneau. ; Tim est déclaré indisponible sur ce créneau.\"}, {\"level\": \"warning\", \"message\": \"A2 — groupe B — 13/10/2025 : Francois est déclaré indisponible sur ce créneau. ; Gilles est déclaré indisponible sur ce créneau. ; iza est déclaré indisponible sur ce créneau. ; Loic  est déclaré indisponible sur ce créneau. ; pierre est déclaré indisponible sur ce créneau. ; Tim est déclaré indisponible sur ce créneau.\"}, {\"level\": \"warning\", \"message\": \"A2 — groupe B — 14/10/2025 : Francois est déclaré indisponible sur ce créneau. ; Gilles est déclaré indisponible sur ce créneau. ; iza est déclaré indisponible sur ce créneau. ; Loic  est déclaré indisponible sur ce créneau. ; pierre est déclaré indisponible sur ce créneau. ; Tim est déclaré indisponible sur ce créneau.\"}, {\"level\": \"warning\", \"message\": \"A2 — groupe B — 15/10/2025 : Francois est déclaré indisponible sur ce créneau. ; Gilles est déclaré indisponible sur ce créneau. ; iza est déclaré indisponible sur ce créneau. ; Loic  est déclaré indisponible sur ce créneau. ; pierre est déclaré indisponible sur ce créneau. ; Tim est déclaré indisponible sur ce créneau.\"}, {\"level\": \"warning\", \"message\": \"A2 — groupe B — 16/10/2025 : Francois est déclaré indisponible sur ce créneau. ; Gilles est déclaré indisponible sur ce créneau. ; iza est déclaré indisponible sur ce créneau. ; Loic  est déclaré indisponible sur ce créneau. ; pierre est déclaré indisponible sur ce créneau. ; Tim est déclaré indisponible sur ce créneau.\"}, {\"level\": \"warning\", \"message\": \"A2 — groupe B — 17/10/2025 : Francois est déclaré indisponible sur ce créneau. ; Gilles est déclaré indisponible sur ce créneau. ; iza est déclaré indisponible sur ce créneau. ; Loic  est déclaré indisponible sur ce créneau. ; pierre est déclaré indisponible sur ce créneau. ; Tim est déclaré indisponible sur ce créneau.\"}, {\"level\": \"warning\", \"message\": \"A2 — groupe B — 20/10/2025 : Francois est déclaré indisponible sur ce créneau. ; Gilles est déclaré indisponible sur ce créneau. ; iza est déclaré indisponible sur ce créneau. ; Loic  est déclaré indisponible sur ce créneau. ; pierre est déclaré indisponible sur ce créneau. ; Tim est déclaré indisponible sur ce créneau.\"}, {\"level\": \"warning\", \"message\": \"A2 — groupe B — 21/10/2025 : Francois est déclaré indisponible sur ce créneau. ; Gilles est déclaré indisponible sur ce créneau. ; iza est déclaré indisponible sur ce créneau. ; Loic  est déclaré indisponible sur ce créneau. ; pierre est déclaré indisponible sur ce créneau. ; Tim est déclaré indisponible sur ce créneau.\"}, {\"level\": \"warning\", \"message\": \"A2 — groupe B — 22/10/2025 : Francois est déclaré indisponible sur ce créneau. ; Gilles est déclaré indisponible sur ce créneau. ; iza est déclaré indisponible sur ce créneau. ; Loic  est déclaré indisponible sur ce créneau. ; pierre est déclaré indisponible sur ce créneau. ; Tim est déclaré indisponible sur ce créneau.\"}, {\"level\": \"warning\", \"message\": \"A2 — groupe B — 23/10/2025 : Francois est déclaré indisponible sur ce créneau. ; Gilles est déclaré indisponible sur ce créneau. ; iza est déclaré indisponible sur ce créneau. ; Loic  est déclaré indisponible sur ce créneau. ; pierre est déclaré indisponible sur ce créneau. ; Tim est déclaré indisponible sur ce créneau.\"}, {\"level\": \"warning\", \"message\": \"A2 — groupe B — 24/10/2025 : Francois est déclaré indisponible sur ce créneau. ; Gilles est déclaré indisponible sur ce créneau. ; iza est déclaré indisponible sur ce créneau. ; Loic  est déclaré indisponible sur ce créneau. ; pierre est déclaré indisponible sur ce créneau. ; Tim est déclaré indisponible sur ce créneau.\"}, {\"level\": \"warning\", \"message\": \"A2 — groupe B — 27/10/2025 : Francois est déclaré indisponible sur ce créneau. ; Gilles est déclaré indisponible sur ce créneau. ; iza est déclaré indisponible sur ce créneau. ; Loic  est déclaré indisponible sur ce créneau. ; pierre est déclaré indisponible sur ce créneau. ; Tim est déclaré indisponible sur ce créneau.\"}, {\"level\": \"warning\", \"message\": \"A2 — groupe B — 28/10/2025 : Francois est déclaré indisponible sur ce créneau. ; Gilles est déclaré indisponible sur ce créneau. ; iza est déclaré indisponible sur ce créneau. ; Loic  est déclaré indisponible sur ce créneau. ; pierre est déclaré indisponible sur ce créneau. ; Tim est déclaré indisponible sur ce créneau.\"}, {\"level\": \"warning\", \"message\": \"A2 — groupe B — 29/10/2025 : Francois est déclaré indisponible sur ce créneau. ; Gilles est déclaré indisponible sur ce créneau. ; iza est déclaré indisponible sur ce créneau. ; Loic  est déclaré indisponible sur ce créneau. ; pierre est déclaré indisponible sur ce créneau. ; Tim est déclaré indisponible sur ce créneau.\"}, {\"level\": \"warning\", \"message\": \"A2 — groupe B — 30/10/2025 : Francois est déclaré indisponible sur ce créneau. ; Gilles est déclaré indisponible sur ce créneau. ; iza est déclaré indisponible sur ce créneau. ; Loic  est déclaré indisponible sur ce créneau. ; pierre est déclaré indisponible sur ce créneau. ; Tim est déclaré indisponible sur ce créneau.\"}, {\"level\": \"warning\", \"message\": \"A2 — groupe B — 31/10/2025 : Francois est déclaré indisponible sur ce créneau. ; Gilles est déclaré indisponible sur ce créneau. ; iza est déclaré indisponible sur ce créneau. ; Loic  est déclaré indisponible sur ce créneau. ; pierre est déclaré indisponible sur ce créneau. ; Tim est déclaré indisponible sur ce créneau.\"}, {\"level\": \"warning\", \"message\": \"A2 — groupe B — 03/11/2025 : Francois est déclaré indisponible sur ce créneau. ; Gilles est déclaré indisponible sur ce créneau. ; iza est déclaré indisponible sur ce créneau. ; Loic  est déclaré indisponible sur ce créneau. ; pierre est déclaré indisponible sur ce créneau. ; Tim est déclaré indisponible sur ce créneau.\"}, {\"level\": \"warning\", \"message\": \"A2 — groupe B — 04/11/2025 : Fran', '2025-09-15', '2025-11-15', '2025-10-15 09:17:18', '2025-10-15 09:17:18');
INSERT INTO `course_schedule_log` (`id`, `course_id`, `status`, `summary`, `messages`, `window_start`, `window_end`, `created_at`, `updated_at`) VALUES
(4, 1, 'warning', 'Aucune séance générée — vérifier les avertissements', '[{\"level\": \"info\", \"message\": \"Fenêtre de planification : 2025-09-15 → 2025-11-15\"}, {\"level\": \"info\", \"message\": \"Durée cible des séances : 2 h — 2 occurrence(s) par groupe\"}, {\"level\": \"info\", \"message\": \"Classes associées : A1, A2\"}, {\"level\": \"info\", \"message\": \"Heures requises : 4 h — déjà planifiées : 0 h\"}, {\"level\": \"warning\", \"message\": \"A1, A2 — 15/09/2025 : Aucune salle n\'atteint la capacité requise.\"}, {\"level\": \"warning\", \"message\": \"A1, A2 — 16/09/2025 : Aucune salle n\'atteint la capacité requise.\"}, {\"level\": \"warning\", \"message\": \"A1, A2 — 17/09/2025 : Aucune salle n\'atteint la capacité requise.\"}, {\"level\": \"warning\", \"message\": \"A1, A2 — 18/09/2025 : Aucune salle n\'atteint la capacité requise.\"}, {\"level\": \"warning\", \"message\": \"A1, A2 — 19/09/2025 : Aucune salle n\'atteint la capacité requise.\"}, {\"level\": \"warning\", \"message\": \"A1, A2 — 22/09/2025 : Aucune salle n\'atteint la capacité requise.\"}, {\"level\": \"warning\", \"message\": \"A1, A2 — 23/09/2025 : Aucune salle n\'atteint la capacité requise.\"}, {\"level\": \"warning\", \"message\": \"A1, A2 — 24/09/2025 : Aucune salle n\'atteint la capacité requise.\"}, {\"level\": \"warning\", \"message\": \"A1, A2 — 25/09/2025 : Aucune salle n\'atteint la capacité requise.\"}, {\"level\": \"warning\", \"message\": \"A1, A2 — 26/09/2025 : Aucune salle n\'atteint la capacité requise.\"}, {\"level\": \"warning\", \"message\": \"A1, A2 — 29/09/2025 : Aucune salle n\'atteint la capacité requise.\"}, {\"level\": \"warning\", \"message\": \"A1, A2 — 30/09/2025 : Aucune salle n\'atteint la capacité requise.\"}, {\"level\": \"warning\", \"message\": \"A1, A2 — 01/10/2025 : Aucune salle n\'atteint la capacité requise.\"}, {\"level\": \"warning\", \"message\": \"A1, A2 — 02/10/2025 : Aucune salle n\'atteint la capacité requise.\"}, {\"level\": \"warning\", \"message\": \"A1, A2 — 03/10/2025 : Aucune salle n\'atteint la capacité requise.\"}, {\"level\": \"warning\", \"message\": \"A1, A2 — 06/10/2025 : Aucune salle n\'atteint la capacité requise.\"}, {\"level\": \"warning\", \"message\": \"A1, A2 — 07/10/2025 : Aucune salle n\'atteint la capacité requise.\"}, {\"level\": \"warning\", \"message\": \"A1, A2 — 08/10/2025 : Aucune salle n\'atteint la capacité requise.\"}, {\"level\": \"warning\", \"message\": \"A1, A2 — 09/10/2025 : Aucune salle n\'atteint la capacité requise.\"}, {\"level\": \"warning\", \"message\": \"A1, A2 — 10/10/2025 : Aucune salle n\'atteint la capacité requise.\"}, {\"level\": \"warning\", \"message\": \"A1, A2 — 13/10/2025 : Aucune salle n\'atteint la capacité requise.\"}, {\"level\": \"warning\", \"message\": \"A1, A2 — 14/10/2025 : Aucune salle n\'atteint la capacité requise.\"}, {\"level\": \"warning\", \"message\": \"A1, A2 — 15/10/2025 : Aucune salle n\'atteint la capacité requise.\"}, {\"level\": \"warning\", \"message\": \"A1, A2 — 16/10/2025 : Aucune salle n\'atteint la capacité requise.\"}, {\"level\": \"warning\", \"message\": \"A1, A2 — 17/10/2025 : Aucune salle n\'atteint la capacité requise.\"}, {\"level\": \"warning\", \"message\": \"A1, A2 — 20/10/2025 : Aucune salle n\'atteint la capacité requise.\"}, {\"level\": \"warning\", \"message\": \"A1, A2 — 21/10/2025 : Aucune salle n\'atteint la capacité requise.\"}, {\"level\": \"warning\", \"message\": \"A1, A2 — 22/10/2025 : Aucune salle n\'atteint la capacité requise.\"}, {\"level\": \"warning\", \"message\": \"A1, A2 — 23/10/2025 : Aucune salle n\'atteint la capacité requise.\"}, {\"level\": \"warning\", \"message\": \"A1, A2 — 24/10/2025 : Aucune salle n\'atteint la capacité requise.\"}, {\"level\": \"warning\", \"message\": \"A1, A2 — 27/10/2025 : Aucune salle n\'atteint la capacité requise.\"}, {\"level\": \"warning\", \"message\": \"A1, A2 — 28/10/2025 : Aucune salle n\'atteint la capacité requise.\"}, {\"level\": \"warning\", \"message\": \"A1, A2 — 29/10/2025 : Aucune salle n\'atteint la capacité requise.\"}, {\"level\": \"warning\", \"message\": \"A1, A2 — 30/10/2025 : Aucune salle n\'atteint la capacité requise.\"}, {\"level\": \"warning\", \"message\": \"A1, A2 — 31/10/2025 : Aucune salle n\'atteint la capacité requise.\"}, {\"level\": \"warning\", \"message\": \"A1, A2 — 03/11/2025 : Aucune salle n\'atteint la capacité requise.\"}, {\"level\": \"warning\", \"message\": \"A1, A2 — 04/11/2025 : Aucune salle n\'atteint la capacité requise.\"}, {\"level\": \"warning\", \"message\": \"A1, A2 — 05/11/2025 : Aucune salle n\'atteint la capacité requise.\"}, {\"level\": \"warning\", \"message\": \"A1, A2 — 06/11/2025 : Aucune salle n\'atteint la capacité requise.\"}, {\"level\": \"warning\", \"message\": \"A1, A2 — 07/11/2025 : Aucune salle n\'atteint la capacité requise.\"}, {\"level\": \"warning\", \"message\": \"A1, A2 — 10/11/2025 : Aucune salle n\'atteint la capacité requise.\"}, {\"level\": \"warning\", \"message\": \"A1, A2 — 11/11/2025 : Aucune salle n\'atteint la capacité requise.\"}, {\"level\": \"warning\", \"message\": \"A1, A2 — 12/11/2025 : Aucune salle n\'atteint la capacité requise.\"}, {\"level\": \"warning\", \"message\": \"A1, A2 — 13/11/2025 : Aucune salle n\'atteint la capacité requise.\"}, {\"level\": \"warning\", \"message\": \"A1, A2 — 14/11/2025 : Aucune salle n\'atteint la capacité requise.\"}, {\"level\": \"warning\", \"message\": \"Impossible de planifier 4 heure(s) supplémentaire(s) (cours magistral)\"}, {\"level\": \"info\", \"message\": \"Total de séances générées : 0\"}]', '2025-09-15', '2025-11-15', '2025-10-15 09:18:54', '2025-10-15 09:18:54'),
(5, 3, 'warning', 'Aucune séance générée — vérifier les avertissements', '[{\"level\": \"info\", \"message\": \"Fenêtre de planification : 2025-09-15 → 2025-11-15\"}, {\"level\": \"info\", \"message\": \"Durée cible des séances : 2 h — 8 occurrence(s) par groupe\"}, {\"level\": \"info\", \"message\": \"Classes associées : A1, A2\"}, {\"level\": \"warning\", \"message\": \"A1 — 15/09/2025 : Aucune salle ne dispose du nombre de postes informatiques requis.\"}, {\"level\": \"warning\", \"message\": \"A1 — 16/09/2025 : Aucune salle ne dispose du nombre de postes informatiques requis.\"}, {\"level\": \"warning\", \"message\": \"A1 — 17/09/2025 : Aucune salle ne dispose du nombre de postes informatiques requis.\"}, {\"level\": \"warning\", \"message\": \"A1 — 18/09/2025 : Aucune salle ne dispose du nombre de postes informatiques requis.\"}, {\"level\": \"warning\", \"message\": \"A1 — 19/09/2025 : Aucune salle ne dispose du nombre de postes informatiques requis.\"}, {\"level\": \"warning\", \"message\": \"A1 — 22/09/2025 : Aucune salle ne dispose du nombre de postes informatiques requis.\"}, {\"level\": \"warning\", \"message\": \"A1 — 23/09/2025 : Aucune salle ne dispose du nombre de postes informatiques requis.\"}, {\"level\": \"warning\", \"message\": \"A1 — 24/09/2025 : Aucune salle ne dispose du nombre de postes informatiques requis.\"}, {\"level\": \"warning\", \"message\": \"A1 — 25/09/2025 : Aucune salle ne dispose du nombre de postes informatiques requis.\"}, {\"level\": \"warning\", \"message\": \"A1 — 26/09/2025 : Aucune salle ne dispose du nombre de postes informatiques requis.\"}, {\"level\": \"warning\", \"message\": \"A1 — 29/09/2025 : Aucune salle ne dispose du nombre de postes informatiques requis.\"}, {\"level\": \"warning\", \"message\": \"A1 — 30/09/2025 : Aucune salle ne dispose du nombre de postes informatiques requis.\"}, {\"level\": \"warning\", \"message\": \"A1 — 01/10/2025 : Aucune salle ne dispose du nombre de postes informatiques requis.\"}, {\"level\": \"warning\", \"message\": \"A1 — 02/10/2025 : Aucune salle ne dispose du nombre de postes informatiques requis.\"}, {\"level\": \"warning\", \"message\": \"A1 — 03/10/2025 : Aucune salle ne dispose du nombre de postes informatiques requis.\"}, {\"level\": \"warning\", \"message\": \"A1 — 06/10/2025 : Aucune salle ne dispose du nombre de postes informatiques requis.\"}, {\"level\": \"warning\", \"message\": \"A1 — 07/10/2025 : Aucune salle ne dispose du nombre de postes informatiques requis.\"}, {\"level\": \"warning\", \"message\": \"A1 — 08/10/2025 : Aucune salle ne dispose du nombre de postes informatiques requis.\"}, {\"level\": \"warning\", \"message\": \"A1 — 09/10/2025 : Aucune salle ne dispose du nombre de postes informatiques requis.\"}, {\"level\": \"warning\", \"message\": \"A1 — 10/10/2025 : Aucune salle ne dispose du nombre de postes informatiques requis.\"}, {\"level\": \"warning\", \"message\": \"A1 — 13/10/2025 : Aucune salle ne dispose du nombre de postes informatiques requis.\"}, {\"level\": \"warning\", \"message\": \"A1 — 14/10/2025 : Aucune salle ne dispose du nombre de postes informatiques requis.\"}, {\"level\": \"warning\", \"message\": \"A1 — 15/10/2025 : Aucune salle ne dispose du nombre de postes informatiques requis.\"}, {\"level\": \"warning\", \"message\": \"A1 — 16/10/2025 : Aucune salle ne dispose du nombre de postes informatiques requis.\"}, {\"level\": \"warning\", \"message\": \"A1 — 17/10/2025 : Aucune salle ne dispose du nombre de postes informatiques requis.\"}, {\"level\": \"warning\", \"message\": \"A1 — 20/10/2025 : Aucune salle ne dispose du nombre de postes informatiques requis.\"}, {\"level\": \"warning\", \"message\": \"A1 — 21/10/2025 : Aucune salle ne dispose du nombre de postes informatiques requis.\"}, {\"level\": \"warning\", \"message\": \"A1 — 22/10/2025 : Aucune salle ne dispose du nombre de postes informatiques requis.\"}, {\"level\": \"warning\", \"message\": \"A1 — 23/10/2025 : Aucune salle ne dispose du nombre de postes informatiques requis.\"}, {\"level\": \"warning\", \"message\": \"A1 — 24/10/2025 : Aucune salle ne dispose du nombre de postes informatiques requis.\"}, {\"level\": \"warning\", \"message\": \"A1 — 27/10/2025 : Aucune salle ne dispose du nombre de postes informatiques requis.\"}, {\"level\": \"warning\", \"message\": \"A1 — 28/10/2025 : Aucune salle ne dispose du nombre de postes informatiques requis.\"}, {\"level\": \"warning\", \"message\": \"A1 — 29/10/2025 : Aucune salle ne dispose du nombre de postes informatiques requis.\"}, {\"level\": \"warning\", \"message\": \"A1 — 30/10/2025 : Aucune salle ne dispose du nombre de postes informatiques requis.\"}, {\"level\": \"warning\", \"message\": \"A1 — 31/10/2025 : Aucune salle ne dispose du nombre de postes informatiques requis.\"}, {\"level\": \"warning\", \"message\": \"A1 — 03/11/2025 : Aucune salle ne dispose du nombre de postes informatiques requis.\"}, {\"level\": \"warning\", \"message\": \"A1 — 04/11/2025 : Aucune salle ne dispose du nombre de postes informatiques requis.\"}, {\"level\": \"warning\", \"message\": \"A1 — 05/11/2025 : Aucune salle ne dispose du nombre de postes informatiques requis.\"}, {\"level\": \"warning\", \"message\": \"A1 — 06/11/2025 : Aucune salle ne dispose du nombre de postes informatiques requis.\"}, {\"level\": \"warning\", \"message\": \"A1 — 07/11/2025 : Aucune salle ne dispose du nombre de postes informatiques requis.\"}, {\"level\": \"warning\", \"message\": \"A1 — 10/11/2025 : Aucune salle ne dispose du nombre de postes informatiques requis.\"}, {\"level\": \"warning\", \"message\": \"A1 — 11/11/2025 : Aucune salle ne dispose du nombre de postes informatiques requis.\"}, {\"level\": \"warning\", \"message\": \"A1 — 12/11/2025 : Aucune salle ne dispose du nombre de postes informatiques requis.\"}, {\"level\": \"warning\", \"message\": \"A1 — 13/11/2025 : Aucune salle ne dispose du nombre de postes informatiques requis.\"}, {\"level\": \"warning\", \"message\": \"A1 — 14/11/2025 : Aucune salle ne dispose du nombre de postes informatiques requis.\"}, {\"level\": \"warning\", \"message\": \"Impossible de planifier 16 heure(s) pour A1\"}, {\"level\": \"warning\", \"message\": \"A2 — 15/09/2025 : Aucune salle ne dispose du nombre de postes informatiques requis.\"}, {\"level\": \"warning\", \"message\": \"A2 — 16/09/2025 : Aucune salle ne dispose du nombre de postes informatiques requis.\"}, {\"level\": \"warning\", \"message\": \"A2 — 17/09/2025 : Aucune salle ne dispose du nombre de postes informatiques requis.\"}, {\"level\": \"warning\", \"message\": \"A2 — 18/09/2025 : Aucune salle ne dispose du nombre de postes informatiques requis.\"}, {\"level\": \"warning\", \"message\": \"A2 — 19/09/2025 : Aucune salle ne dispose du nombre de postes informatiques requis.\"}, {\"level\": \"warning\", \"message\": \"A2 — 22/09/2025 : Aucune salle ne dispose du nombre de postes informatiques requis.\"}, {\"level\": \"warning\", \"message\": \"A2 — 23/09/2025 : Aucune salle ne dispose du nombre de postes informatiques requis.\"}, {\"level\": \"warning\", \"message\": \"A2 — 24/09/2025 : Aucune salle ne dispose du nombre de postes informatiques requis.\"}, {\"level\": \"warning\", \"message\": \"A2 — 25/09/2025 : Aucune salle ne dispose du nombre de postes informatiques requis.\"}, {\"level\": \"warning\", \"message\": \"A2 — 26/09/2025 : Aucune salle ne dispose du nombre de postes informatiques requis.\"}, {\"level\": \"warning\", \"message\": \"A2 — 29/09/2025 : Aucune salle ne dispose du nombre de postes informatiques requis.\"}, {\"level\": \"warning\", \"message\": \"A2 — 30/09/2025 : Aucune salle ne dispose du nombre de postes informatiques requis.\"}, {\"level\": \"warning\", \"message\": \"A2 — 01/10/2025 : Aucune salle ne dispose du nombre de postes informatiques requis.\"}, {\"level\": \"warning\", \"message\": \"A2 — 02/10/2025 : Aucune salle ne dispose du nombre de postes informatiques requis.\"}, {\"level\": \"warning\", \"message\": \"A2 — 03/10/2025 : Aucune salle ne dispose du nombre de postes informatiques requis.\"}, {\"level\": \"warning\", \"message\": \"A2 — 06/10/2025 : Aucune salle ne dispose du nombre de postes informatiques requis.\"}, {\"level\": \"warning\", \"message\": \"A2 — 07/10/2025 : Aucune salle ne dispose du nombre de postes informatiques requis.\"}, {\"level\": \"warning\", \"message\": \"A2 — 08/10/2025 : Aucune salle ne dispose du nombre de postes informatiques requis.\"}, {\"level\": \"warning\", \"message\": \"A2 — 09/10/2025 : Aucune salle ne dispose du nombre de postes informatiques requis.\"}, {\"level\": \"warning\", \"message\": \"A2 — 10/10/2025 : Aucune salle ne dispose du nombre de postes informatiques requis.\"}, {\"level\": \"warning\", \"message\": \"A2 — 13/10/2025 : Aucune salle ne dispose du nombre de postes informatiques requis.\"}, {\"level\": \"warning\", \"message\": \"A2 — 14/10/2025 : Aucune salle ne dispose du nombre de postes informatiques requis.\"}, {\"level\": \"warning\", \"message\": \"A2 — 15/10/2025 : Aucune salle ne dispose du nombre de postes informatiques requis.\"}, {\"level\": \"warning\", \"message\": \"A2 — 16/10/2025 : Aucune salle ne dispose du nombre de postes informatiques requis.\"}, {\"level\": \"warning\", \"message\": \"A2 — 17/10/2025 : Aucune salle ne dispose du nombre de postes informatiques requis.\"}, {\"level\": \"warning\", \"message\": \"A2 — 20/10/2025 : Aucune salle ne dispose du nombre de postes informatiques requis.\"}, {\"level\": \"warning\", \"message\": \"A2 — 21/10/2025 : Aucune salle ne dispose du nombre de postes informatiques requis.\"}, {\"level\": \"warning\", \"message\": \"A2 — 22/10/2025 : Aucune salle ne dispose du nombre de postes informatiques requis.\"}, {\"level\": \"warning\", \"message\": \"A2 — 23/10/2025 : Aucune salle ne dispose du nombre de postes informatiques requis.\"}, {\"level\": \"warning\", \"message\": \"A2 — 24/10/2025 : Aucune salle ne dispose du nombre de postes informatiques requis.\"}, {\"level\": \"warning\", \"message\": \"A2 — 27/10/2025 : Aucune salle ne dispose du nombre de postes informatiques requis.\"}, {\"level\": \"warning\", \"message\": \"A2 — 28/10/2025 : Aucune salle ne dispose du nombre de postes informatiques requis.\"}, {\"level\": \"warning\", \"message\": \"A2 — 29/10/2025 : Aucune salle ne dispose du nombre de postes informatiques requis.\"}, {\"level\": \"warning\", \"message\": \"A2 — 30/10/2025 : Aucune salle ne dispose du nombre de postes informatiques requis.\"}, {\"level\": \"warning\", \"message\": \"A2 — 31/10/2025 : Aucune salle ne dispose du nombre de postes informatiques requis.\"}, {\"level\": \"warning\", \"message\": \"A2 — 03/11/2025 : Aucune salle ne dispose du nombre de postes informatiques requis.\"}, {\"level\": \"warning\", \"message\": \"A2 — 04/11/2025 : Aucune salle ne dispose du nombre de postes informatiques requis.\"}, {\"level\": \"warning\", \"message\": \"A2 — 05/11/2025 : Aucune salle ne dispose du nombre de postes informatiques requis.\"}, {\"level\": \"warning\", \"message\": \"A2 — 06/11/2025 : Aucune salle ne dispose du nombre de postes informatiques requis.\"}, {\"level\": \"warning\", \"message\": \"A2 — 07/11/2025 : Aucune salle ne dispose du nombre de postes informatiques requis.\"}, {\"level\": \"warning\", \"message\": \"A2 — 10/11/2025 : Aucune salle ne dispose du nombre de postes informatiques requis.\"}, {\"level\": \"warning\", \"message\": \"A2 — 11/11/2025 : Aucune salle ne dispose du nombre de postes informatiques requis.\"}, {\"level\": \"warning\", \"message\": \"A2 — 12/11/2025 : Aucune salle ne dispose du nombre de postes informatiques requis.\"}, {\"level\": \"warning\", \"message\": \"A2 — 13/11/2025 : Aucune salle ne dispose du nombre de postes informatiques requis.\"}, {\"level\": \"warning\", \"message\": \"A2 — 14/11/2025 : Aucune salle ne dispose du nombre de postes informatiques requis.\"}, {\"level\": \"warning\", \"message\": \"Impossible de planifier 16 heure(s) pour A2\"}, {\"level\": \"info\", \"message\": \"Total de séances générées : 0\"}]', '2025-09-15', '2025-11-15', '2025-10-15 09:18:56', '2025-10-15 09:18:56'),
(6, 4, 'warning', 'Aucune séance générée — vérifier les avertissements', '[{\"level\": \"info\", \"message\": \"Fenêtre de planification : 2025-09-15 → 2025-11-15\"}, {\"level\": \"info\", \"message\": \"Durée cible des séances : 2 h — 8 occurrence(s) par groupe\"}, {\"level\": \"info\", \"message\": \"Classes associées : A1, A2\"}, {\"level\": \"warning\", \"message\": \"A1 — groupe A — 15/09/2025 : Aucune salle ne dispose du nombre de postes informatiques requis.\"}, {\"level\": \"warning\", \"message\": \"A1 — groupe A — 16/09/2025 : Aucune salle ne dispose du nombre de postes informatiques requis.\"}, {\"level\": \"warning\", \"message\": \"A1 — groupe A — 17/09/2025 : Aucune salle ne dispose du nombre de postes informatiques requis.\"}, {\"level\": \"warning\", \"message\": \"A1 — groupe A — 18/09/2025 : Aucune salle ne dispose du nombre de postes informatiques requis.\"}, {\"level\": \"warning\", \"message\": \"A1 — groupe A — 19/09/2025 : Aucune salle ne dispose du nombre de postes informatiques requis.\"}, {\"level\": \"warning\", \"message\": \"A1 — groupe A — 22/09/2025 : Aucune salle ne dispose du nombre de postes informatiques requis.\"}, {\"level\": \"warning\", \"message\": \"A1 — groupe A — 23/09/2025 : Aucune salle ne dispose du nombre de postes informatiques requis.\"}, {\"level\": \"warning\", \"message\": \"A1 — groupe A — 24/09/2025 : Aucune salle ne dispose du nombre de postes informatiques requis.\"}, {\"level\": \"warning\", \"message\": \"A1 — groupe A — 25/09/2025 : Aucune salle ne dispose du nombre de postes informatiques requis.\"}, {\"level\": \"warning\", \"message\": \"A1 — groupe A — 26/09/2025 : Aucune salle ne dispose du nombre de postes informatiques requis.\"}, {\"level\": \"warning\", \"message\": \"A1 — groupe A — 29/09/2025 : Aucune salle ne dispose du nombre de postes informatiques requis.\"}, {\"level\": \"warning\", \"message\": \"A1 — groupe A — 30/09/2025 : Aucune salle ne dispose du nombre de postes informatiques requis.\"}, {\"level\": \"warning\", \"message\": \"A1 — groupe A — 01/10/2025 : Aucune salle ne dispose du nombre de postes informatiques requis.\"}, {\"level\": \"warning\", \"message\": \"A1 — groupe A — 02/10/2025 : Aucune salle ne dispose du nombre de postes informatiques requis.\"}, {\"level\": \"warning\", \"message\": \"A1 — groupe A — 03/10/2025 : Aucune salle ne dispose du nombre de postes informatiques requis.\"}, {\"level\": \"warning\", \"message\": \"A1 — groupe A — 06/10/2025 : Aucune salle ne dispose du nombre de postes informatiques requis.\"}, {\"level\": \"warning\", \"message\": \"A1 — groupe A — 07/10/2025 : Aucune salle ne dispose du nombre de postes informatiques requis.\"}, {\"level\": \"warning\", \"message\": \"A1 — groupe A — 08/10/2025 : Aucune salle ne dispose du nombre de postes informatiques requis.\"}, {\"level\": \"warning\", \"message\": \"A1 — groupe A — 09/10/2025 : Aucune salle ne dispose du nombre de postes informatiques requis.\"}, {\"level\": \"warning\", \"message\": \"A1 — groupe A — 10/10/2025 : Aucune salle ne dispose du nombre de postes informatiques requis.\"}, {\"level\": \"warning\", \"message\": \"A1 — groupe A — 13/10/2025 : Aucune salle ne dispose du nombre de postes informatiques requis.\"}, {\"level\": \"warning\", \"message\": \"A1 — groupe A — 14/10/2025 : Aucune salle ne dispose du nombre de postes informatiques requis.\"}, {\"level\": \"warning\", \"message\": \"A1 — groupe A — 15/10/2025 : Aucune salle ne dispose du nombre de postes informatiques requis.\"}, {\"level\": \"warning\", \"message\": \"A1 — groupe A — 16/10/2025 : Aucune salle ne dispose du nombre de postes informatiques requis.\"}, {\"level\": \"warning\", \"message\": \"A1 — groupe A — 17/10/2025 : Aucune salle ne dispose du nombre de postes informatiques requis.\"}, {\"level\": \"warning\", \"message\": \"A1 — groupe A — 20/10/2025 : Aucune salle ne dispose du nombre de postes informatiques requis.\"}, {\"level\": \"warning\", \"message\": \"A1 — groupe A — 21/10/2025 : Aucune salle ne dispose du nombre de postes informatiques requis.\"}, {\"level\": \"warning\", \"message\": \"A1 — groupe A — 22/10/2025 : Aucune salle ne dispose du nombre de postes informatiques requis.\"}, {\"level\": \"warning\", \"message\": \"A1 — groupe A — 23/10/2025 : Aucune salle ne dispose du nombre de postes informatiques requis.\"}, {\"level\": \"warning\", \"message\": \"A1 — groupe A — 24/10/2025 : Aucune salle ne dispose du nombre de postes informatiques requis.\"}, {\"level\": \"warning\", \"message\": \"A1 — groupe A — 27/10/2025 : Aucune salle ne dispose du nombre de postes informatiques requis.\"}, {\"level\": \"warning\", \"message\": \"A1 — groupe A — 28/10/2025 : Aucune salle ne dispose du nombre de postes informatiques requis.\"}, {\"level\": \"warning\", \"message\": \"A1 — groupe A — 29/10/2025 : Aucune salle ne dispose du nombre de postes informatiques requis.\"}, {\"level\": \"warning\", \"message\": \"A1 — groupe A — 30/10/2025 : Aucune salle ne dispose du nombre de postes informatiques requis.\"}, {\"level\": \"warning\", \"message\": \"A1 — groupe A — 31/10/2025 : Aucune salle ne dispose du nombre de postes informatiques requis.\"}, {\"level\": \"warning\", \"message\": \"A1 — groupe A — 03/11/2025 : Aucune salle ne dispose du nombre de postes informatiques requis.\"}, {\"level\": \"warning\", \"message\": \"A1 — groupe A — 04/11/2025 : Aucune salle ne dispose du nombre de postes informatiques requis.\"}, {\"level\": \"warning\", \"message\": \"A1 — groupe A — 05/11/2025 : Aucune salle ne dispose du nombre de postes informatiques requis.\"}, {\"level\": \"warning\", \"message\": \"A1 — groupe A — 06/11/2025 : Aucune salle ne dispose du nombre de postes informatiques requis.\"}, {\"level\": \"warning\", \"message\": \"A1 — groupe A — 07/11/2025 : Aucune salle ne dispose du nombre de postes informatiques requis.\"}, {\"level\": \"warning\", \"message\": \"A1 — groupe A — 10/11/2025 : Aucune salle ne dispose du nombre de postes informatiques requis.\"}, {\"level\": \"warning\", \"message\": \"A1 — groupe A — 11/11/2025 : Aucune salle ne dispose du nombre de postes informatiques requis.\"}, {\"level\": \"warning\", \"message\": \"A1 — groupe A — 12/11/2025 : Aucune salle ne dispose du nombre de postes informatiques requis.\"}, {\"level\": \"warning\", \"message\": \"A1 — groupe A — 13/11/2025 : Aucune salle ne dispose du nombre de postes informatiques requis.\"}, {\"level\": \"warning\", \"message\": \"A1 — groupe A — 14/11/2025 : Aucune salle ne dispose du nombre de postes informatiques requis.\"}, {\"level\": \"warning\", \"message\": \"Impossible de planifier 16 heure(s) pour A1\"}, {\"level\": \"warning\", \"message\": \"A1 — groupe B — 15/09/2025 : Aucune salle ne dispose du nombre de postes informatiques requis.\"}, {\"level\": \"warning\", \"message\": \"A1 — groupe B — 16/09/2025 : Aucune salle ne dispose du nombre de postes informatiques requis.\"}, {\"level\": \"warning\", \"message\": \"A1 — groupe B — 17/09/2025 : Aucune salle ne dispose du nombre de postes informatiques requis.\"}, {\"level\": \"warning\", \"message\": \"A1 — groupe B — 18/09/2025 : Aucune salle ne dispose du nombre de postes informatiques requis.\"}, {\"level\": \"warning\", \"message\": \"A1 — groupe B — 19/09/2025 : Aucune salle ne dispose du nombre de postes informatiques requis.\"}, {\"level\": \"warning\", \"message\": \"A1 — groupe B — 22/09/2025 : Aucune salle ne dispose du nombre de postes informatiques requis.\"}, {\"level\": \"warning\", \"message\": \"A1 — groupe B — 23/09/2025 : Aucune salle ne dispose du nombre de postes informatiques requis.\"}, {\"level\": \"warning\", \"message\": \"A1 — groupe B — 24/09/2025 : Aucune salle ne dispose du nombre de postes informatiques requis.\"}, {\"level\": \"warning\", \"message\": \"A1 — groupe B — 25/09/2025 : Aucune salle ne dispose du nombre de postes informatiques requis.\"}, {\"level\": \"warning\", \"message\": \"A1 — groupe B — 26/09/2025 : Aucune salle ne dispose du nombre de postes informatiques requis.\"}, {\"level\": \"warning\", \"message\": \"A1 — groupe B — 29/09/2025 : Aucune salle ne dispose du nombre de postes informatiques requis.\"}, {\"level\": \"warning\", \"message\": \"A1 — groupe B — 30/09/2025 : Aucune salle ne dispose du nombre de postes informatiques requis.\"}, {\"level\": \"warning\", \"message\": \"A1 — groupe B — 01/10/2025 : Aucune salle ne dispose du nombre de postes informatiques requis.\"}, {\"level\": \"warning\", \"message\": \"A1 — groupe B — 02/10/2025 : Aucune salle ne dispose du nombre de postes informatiques requis.\"}, {\"level\": \"warning\", \"message\": \"A1 — groupe B — 03/10/2025 : Aucune salle ne dispose du nombre de postes informatiques requis.\"}, {\"level\": \"warning\", \"message\": \"A1 — groupe B — 06/10/2025 : Aucune salle ne dispose du nombre de postes informatiques requis.\"}, {\"level\": \"warning\", \"message\": \"A1 — groupe B — 07/10/2025 : Aucune salle ne dispose du nombre de postes informatiques requis.\"}, {\"level\": \"warning\", \"message\": \"A1 — groupe B — 08/10/2025 : Aucune salle ne dispose du nombre de postes informatiques requis.\"}, {\"level\": \"warning\", \"message\": \"A1 — groupe B — 09/10/2025 : Aucune salle ne dispose du nombre de postes informatiques requis.\"}, {\"level\": \"warning\", \"message\": \"A1 — groupe B — 10/10/2025 : Aucune salle ne dispose du nombre de postes informatiques requis.\"}, {\"level\": \"warning\", \"message\": \"A1 — groupe B — 13/10/2025 : Aucune salle ne dispose du nombre de postes informatiques requis.\"}, {\"level\": \"warning\", \"message\": \"A1 — groupe B — 14/10/2025 : Aucune salle ne dispose du nombre de postes informatiques requis.\"}, {\"level\": \"warning\", \"message\": \"A1 — groupe B — 15/10/2025 : Aucune salle ne dispose du nombre de postes informatiques requis.\"}, {\"level\": \"warning\", \"message\": \"A1 — groupe B — 16/10/2025 : Aucune salle ne dispose du nombre de postes informatiques requis.\"}, {\"level\": \"warning\", \"message\": \"A1 — groupe B — 17/10/2025 : Aucune salle ne dispose du nombre de postes informatiques requis.\"}, {\"level\": \"warning\", \"message\": \"A1 — groupe B — 20/10/2025 : Aucune salle ne dispose du nombre de postes informatiques requis.\"}, {\"level\": \"warning\", \"message\": \"A1 — groupe B — 21/10/2025 : Aucune salle ne dispose du nombre de postes informatiques requis.\"}, {\"level\": \"warning\", \"message\": \"A1 — groupe B — 22/10/2025 : Aucune salle ne dispose du nombre de postes informatiques requis.\"}, {\"level\": \"warning\", \"message\": \"A1 — groupe B — 23/10/2025 : Aucune salle ne dispose du nombre de postes informatiques requis.\"}, {\"level\": \"warning\", \"message\": \"A1 — groupe B — 24/10/2025 : Aucune salle ne dispose du nombre de postes informatiques requis.\"}, {\"level\": \"warning\", \"message\": \"A1 — groupe B — 27/10/2025 : Aucune salle ne dispose du nombre de postes informatiques requis.\"}, {\"level\": \"warning\", \"message\": \"A1 — groupe B — 28/10/2025 : Aucune salle ne dispose du nombre de postes informatiques requis.\"}, {\"level\": \"warning\", \"message\": \"A1 — groupe B — 29/10/2025 : Aucune salle ne dispose du nombre de postes informatiques requis.\"}, {\"level\": \"warning\", \"message\": \"A1 — groupe B — 30/10/2025 : Aucune salle ne dispose du nombre de postes informatiques requis.\"}, {\"level\": \"warning\", \"message\": \"A1 — groupe B — 31/10/2025 : Aucune salle ne dispose du nombre de postes informatiques requis.\"}, {\"level\": \"warning\", \"message\": \"A1 — groupe B — 03/11/2025 : Aucune salle ne dispose du nombre de postes informatiques requis.\"}, {\"level\": \"warning\", \"message\": \"A1 — groupe B — 04/11/2025 : Aucune salle ne dispose du nombre de postes informatiques requis.\"}, {\"level\": \"warning\", \"message\": \"A1 — groupe B — 05/11/2025 : Aucune salle ne dispose du nombre de postes informatiques requis.\"}, {\"level\": \"warning\", \"message\": \"A1 — groupe B — 06/11/2025 : Aucune salle ne dispose du nombre de postes informatiques requis.\"}, {\"level\": \"warning\", \"message\": \"A1 — groupe B — 07/11/2025 : Aucune salle ne dispose du nombre de postes informatiques requis.\"}, {\"level\": \"warning\", \"message\": \"A1 — groupe B — 10/11/2025 : Aucune salle ne dispose du nombre de postes informatiques requis.\"}, {\"level\": \"warning\", \"message\": \"A1 — groupe B — 11/11/2025 : Aucune salle ne dispose du nombre de postes informatiques requis.\"}, {\"level\": \"warning\", \"message\": \"A1 — groupe B — 12/11/2025 : Aucune salle ne dispose du nombre de postes informatiques requis.\"}, {\"level\": \"warning\", \"message\": \"A1 — groupe B — 13/11/2025 : Aucune salle ne dispose du nombre de postes informatiques requis.\"}, {\"level\": \"warning\", \"message\": \"A1 — groupe B — 14/11/2025 : Aucune salle ne dispose du nombre de postes informatiques requis.\"}, {\"level\": \"warning\", \"message\": \"Impossible de planifier 16 heure(s) pour A1\"}, {\"level\": \"warning\", \"message\": \"A2 — groupe A — 15/09/2025 : Aucune salle ne dispose du nombre de postes informatiques requis.\"}, {\"level\": \"warning\", \"message\": \"A2 — groupe A — 16/09/2025 : Aucune salle ne dispose du nombre de postes informatiques requis.\"}, {\"level\": \"warning\", \"message\": \"A2 — groupe A — 17/09/2025 : Aucune salle ne dispose du nombre de postes informatiques requis.\"}, {\"level\": \"warning\", \"message\": \"A2 — groupe A — 18/09/2025 : Aucune salle ne dispose du nombre de postes informatiques requis.\"}, {\"level\": \"warning\", \"message\": \"A2 — groupe A — 19/09/2025 : Aucune salle ne dispose du nombre de postes informatiques requis.\"}, {\"level\": \"warning\", \"message\": \"A2 — groupe A — 22/09/2025 : Aucune salle ne dispose du nombre de postes informatiques requis.\"}, {\"level\": \"warning\", \"message\": \"A2 — groupe A — 23/09/2025 : Aucune salle ne dispose du nombre de postes informatiques requis.\"}, {\"level\": \"warning\", \"message\": \"A2 — groupe A — 24/09/2025 : Aucune salle ne dispose du nombre de postes informatiques requis.\"}, {\"level\": \"warning\", \"message\": \"A2 — groupe A — 25/09/2025 : Aucune salle ne dispose du nombre de postes informatiques requis.\"}, {\"level\": \"warning\", \"message\": \"A2 — groupe A — 26/09/2025 : Aucune salle ne dispose du nombre de postes informatiques requis.\"}, {\"level\": \"warning\", \"message\": \"A2 — groupe A — 29/09/2025 : Aucune salle ne dispose du nombre de postes informatiques requis.\"}, {\"level\": \"warning\", \"message\": \"A2 — groupe A — 30/09/2025 : Aucune salle ne dispose du nombre de postes informatiques requis.\"}, {\"level\": \"warning\", \"message\": \"A2 — groupe A — 01/10/2025 : Aucune salle ne dispose du nombre de postes informatiques requis.\"}, {\"level\": \"warning\", \"message\": \"A2 — groupe A — 02/10/2025 : Aucune salle ne dispose du nombre de postes informatiques requis.\"}, {\"level\": \"warning\", \"message\": \"A2 — groupe A — 03/10/2025 : Aucune salle ne dispose du nombre de postes informatiques requis.\"}, {\"level\": \"warning\", \"message\": \"A2 — groupe A — 06/10/2025 : Aucune salle ne dispose du nombre de postes informatiques requis.\"}, {\"level\": \"warning\", \"message\": \"A2 — groupe A — 07/10/2025 : Aucune salle ne dispose du nombre de postes informatiques requis.\"}, {\"level\": \"warning\", \"message\": \"A2 — groupe A — 08/10/2025 : Aucune salle ne dispose du nombre de postes informatiques requis.\"}, {\"level\": \"warning\", \"message\": \"A2 — groupe A — 09/10/2025 : Aucune salle ne dispose du nombre de postes informatiques requis.\"}, {\"level\": \"warning\", \"message\": \"A2 — groupe A — 10/10/2025 : Aucune salle ne dispose du nombre de postes informatiques requis.\"}, {\"level\": \"warning\", \"message\": \"A2 — groupe A — 13/10/2025 : Aucune salle ne dispose du nombre de postes informatiques requis.\"}, {\"level\": \"warning\", \"message\": \"A2 — groupe A — 14/10/2025 : Aucune salle ne dispose du nombre de postes informatiques requis.\"}, {\"level\": \"warning\", \"message\": \"A2 — groupe A — 15/10/2025 : Aucune salle ne dispose du nombre de postes informatiques requis.\"}, {\"level\": \"warning\", \"message\": \"A2 — groupe A — 16/10/2025 : Aucune salle ne dispose du nombre de postes informatiques requis.\"}, {\"level\": \"warning\", \"message\": \"A2 — groupe A — 17/10/2025 : Aucune salle ne dispose du nombre de postes informatiques requis.\"}, {\"level\": \"warning\", \"message\": \"A2 — groupe A — 20/10/2025 : Aucune salle ne dispose du nombre de postes informatiques requis.\"}, {\"level\": \"warning\", \"message\": \"A2 — groupe A — 21/10/2025 : Aucune salle ne dispose du nombre de postes informatiques requis.\"}, {\"level\": \"warning\", \"message\": \"A2 — groupe A — 22/10/2025 : Aucune salle ne dispose du nombre de postes informatiques requis.\"}, {\"level\": \"warning\", \"message\": \"A2 — groupe A — 23/10/2025 : Aucune salle ne dispose du nombre de postes informatiques requis.\"}, {\"level\": \"warning\", \"message\": \"A2 — groupe A — 24/10/2025 : Aucune salle ne dispose du nombre de postes informatiques requis.\"}, {\"level\": \"warning\", \"message\": \"A2 — groupe A — 27/10/2025 : Aucune salle ne dispose du nombre de postes informatiques requis.\"}, {\"level\": \"warning\", \"message\": \"A2 — groupe A — 28/10/2025 : Aucune salle ne dispose du nombre de postes informatiques requis.\"}, {\"level\": \"warning\", \"message\": \"A2 — groupe A — 29/10/2025 : Aucune salle ne dispose du nombre de postes informatiques requis.\"}, {\"level\": \"warning\", \"message\": \"A2 — groupe A — 30/10/2025 : Aucune salle ne dispose du nombre de postes informatiques requis.\"}, {\"level\": \"warning\", \"message\": \"A2 — groupe A — 31/10/2025 : Aucune salle ne dispose du nombre de postes informatiques requis.\"}, {\"level\": \"warning\", \"message\": \"A2 — groupe A — 03/11/2025 : Aucune salle ne dispose du nombre de postes informatiques requis.\"}, {\"level\": \"warning\", \"message\": \"A2 — groupe A — 04/11/2025 : Aucune salle ne dispose du nombre de postes informatiques requis.\"}, {\"level\": \"warning\", \"message\": \"A2 — groupe A — 05/11/2025 : Aucune salle ne dispose du nombre de postes informatiques requis.\"}, {\"level\": \"warning\", \"message\": \"A2 — groupe A — 06/11/2025 : Aucune salle ne dispose du nombre de postes informatiques requis.\"}, {\"level\": \"warning\", \"message\": \"A2 — groupe A — 07/11/2025 : Aucune salle ne dispose du nombre de postes informatiques requis.\"}, {\"level\": \"warning\", \"message\": \"A2 — groupe A — 10/11/2025 : Aucune salle ne dispose du nombre de postes informatiques requis.\"}, {\"level\": \"warning\", \"message\": \"A2 — groupe A — 11/11/2025 : Aucune salle ne dispose du nombre de postes informatiques requis.\"}, {\"level\": \"warning\", \"message\": \"A2 — groupe A — 12/11/2025 : Aucune salle ne dispose du nombre de postes informatiques requis.\"}, {\"level\": \"warning\", \"message\": \"A2 — groupe A — 13/11/2025 : Aucune salle ne dispose du nombre de postes informatiques requis.\"}, {\"level\": \"warning\", \"message\": \"A2 — groupe A — 14/11/2025 : Aucune salle ne dispose du nombre de postes informatiques requis.\"}, {\"level\": \"warning\", \"message\": \"Impossible de planifier 16 heure(s) pour A2\"}, {\"level\": \"warning\", \"message\": \"A2 — groupe B — 15/09/2025 : Aucune salle ne dispose du nombre de postes informatiques requis.\"}, {\"level\": \"warning\", \"message\": \"A2 — groupe B — 16/09/2025 : Aucune salle ne dispose du nombre de postes informatiques requis.\"}, {\"level\": \"warning\", \"message\": \"A2 — groupe B — 17/09/2025 : Aucune salle ne dispose du nombre de postes informatiques requis.\"}, {\"level\": \"warning\", \"message\": \"A2 — groupe B — 18/09/2025 : Aucune salle ne dispose du nombre de postes informatiques requis.\"}, {\"level\": \"warning\", \"message\": \"A2 — groupe B — 19/09/2025 : Aucune salle ne dispose du nombre de postes informatiques requis.\"}, {\"level\": \"warning\", \"message\": \"A2 — groupe B — 22/09/2025 : Aucune salle ne dispose du nombre de postes informatiques requis.\"}, {\"level\": \"warning\", \"message\": \"A2 — groupe B — 23/09/2025 : Aucune salle ne dispose du nombre de postes informatiques requis.\"}, {\"level\": \"warning\", \"message\": \"A2 — groupe B — 24/09/2025 : Aucune salle ne dispose du nombre de postes informatiques requis.\"}, {\"level\": \"warning\", \"message\": \"A2 — groupe B — 25/09/2025 : Aucune salle ne dispose du nombre de postes informatiques requis.\"}, {\"level\": \"warning\", \"message\": \"A2 — groupe B — 26/09/2025 : Aucune salle ne dispose du nombre de postes informatiques requis.\"}, {\"level\": \"warning\", \"message\": \"A2 — groupe B — 29/09/2025 : Aucune salle ne dispose du nombre de postes informatiques requis.\"}, {\"level\": \"warning\", \"message\": \"A2 — groupe B — 30/09/2025 : Aucune salle ne dispose du nombre de postes informatiques requis.\"}, {\"level\": \"warning\", \"message\": \"A2 — groupe B — 01/10/2025 : Aucune salle ne dispose du nombre de postes informatiques requis.\"}, {\"level\": \"warning\", \"message\": \"A2 — groupe B — 02/10/2025 : Aucune salle ne dispose du nombre de postes informatiques requis.\"}, {\"level\": \"warning\", \"message\": \"A2 — groupe B — 03/10/2025 : Aucune salle ne dispose du nombre de postes informatiques requis.\"}, {\"level\": \"warning\", \"message\": \"A2 — groupe B — 06/10/2025 : Aucune salle ne dispose du nombre de postes informatiques requis.\"}, {\"level\": \"warning\", \"message\": \"A2 — groupe B — 07/10/2025 : Aucune salle ne dispose du nombre de postes informatiques requis.\"}, {\"level\": \"warning\", \"message\": \"A2 — groupe B — 08/10/2025 : Aucune salle ne dispose du nombre de postes informatiques requis.\"}, {\"level\": \"warning\", \"message\": \"A2 — groupe B — 09/10/2025 : Aucune salle ne dispose du nombre de postes informatiques requis.\"}, {\"level\": \"warning\", \"message\": \"A2 — groupe B — 10/10/2025 : Aucune salle ne dispose du nombre de postes informatiques requis.\"}, {\"level\": \"warning\", \"message\": \"A2 — groupe B — 13/10/2025 : Aucune salle ne dispose du nombre de postes informatiques requis.\"}, {\"level\": \"warning\", \"message\": \"A2 — groupe B — 14/10/2025 : Aucune salle ne dispose du nombre de postes informatiques requis.\"}, {\"level\": \"warning\", \"message\": \"A2 — groupe B — 15/10/2025 : Aucune salle ne dispose du nombre de postes informatiques requis.\"}, {\"level\": \"warning\", \"message\": \"A2 — groupe B — 16/10/2025 : Aucune salle ne dispose du nombre de postes informatiques requis.\"}, {\"level\": \"warning\", \"message\": \"A2 — groupe B — 17/10/2025 : Aucune salle ne dispose du nombre de postes informatiques requis.\"}, {\"level\": \"warning\", \"message\": \"A2 — groupe B — 20/10/2025 : Aucune salle ne dispose du nombre de postes informatiques requis.\"}, {\"level\": \"warning\", \"message\": \"A2 — groupe B — 21/10/2025 : Aucune salle ne dispose du nombre de postes informatiques requis.\"}, {\"level\": \"warning\", \"message\": \"A2 — groupe B — 22/10/2025 : Aucune salle ne dispose du nombre de postes informatiques requis.\"}, {\"level\": \"warning\", \"message\": \"A2 — groupe B — 23/10/2025 : Aucune salle ne dispose du nombre de postes informatiques requis.\"}, {\"level\": \"warning\", \"message\": \"A2 — groupe B — 24/10/2025 : Aucune salle ne dispose du nombre de postes informatiques requis.\"}, {\"level\": \"warning\", \"message\": \"A2 — groupe B — 27/10/2025 : Aucune salle ne dispose du nombre de postes informatiques requis.\"}, {\"level\": \"warning\", \"message\": \"A2 — groupe B — 28/10/2025 : Aucune salle ne dispose du nombre de postes informatiques requis.\"}, {\"level\": \"warning\", \"message\": \"A2 — groupe B — 29/10/2025 : Aucune salle ne dispose du nombre de postes informatiques requis.\"}, {\"level\": \"warning\", \"message\": \"A2 — groupe B — 30/10/2025 : Aucune salle ne dispose du nombre de postes informatiques requis.\"}, {\"level\": \"warning\", \"message\": \"A2 — groupe B — 31/10/2025 : Aucune salle ne dispose du nombre de postes informatiques requis.\"}, {\"level\": \"warning\", \"message\": \"A2 — groupe B — 03/11/2025 : Aucune salle ne dispose du nombre de postes informatiques requis.\"}, {\"level\": \"warning\", \"message\": \"A2 — groupe B — 04/11/2025 : Aucune salle ne dispose du nombre de postes informatiques requis.\"}, {\"level\": \"warning\", \"message\": \"A2 — groupe B — 05/11/2025 : Aucune salle ne dispose du nombre de postes informatiques requis.\"}, {\"level\": \"warning\", \"message\": \"A2 — groupe B — 06/11/2025 : Aucune salle ne dispose du nombre de postes informatiques requis.\"}, {\"level\": \"warning\", \"message\": \"A2 — groupe B — 07/11/2025 : Aucune salle ne dispose du nombre de postes informatiques requis.\"}, {\"level\": \"warning\", \"message\": \"A2 — groupe B — 10/11/2025 : Aucune salle ne dispose du nombre de postes informatiques requis.\"}, {\"level\": \"warning\", \"message\": \"A2 — groupe B — 11/11/2025 : Aucune salle ne dispose du nombre de postes informatiques requis.\"}, {\"level\": \"warning\", \"message\": \"A2 — groupe B — 12/11/2025 : Aucune salle ne dispose du nombre de postes informatiques requis.\"}, {\"level\": \"warning\", \"message\": \"A2 — groupe B — 13/11/2025 : Aucune salle ne dispose du nombre de postes informatiques requis.\"}, {\"level\": \"warning\", \"message\": \"A2 — groupe B — 14/11/2025 : Aucune salle ne dispose du nombre de postes informatiques requis.\"}, {\"level\": \"warning\", \"message\": \"Impossible de planifier 16 heure(s) pour A2\"}, {\"level\": \"info\", \"message\": \"Total de séances générées : 0\"}]', '2025-09-15', '2025-11-15', '2025-10-15 09:19:02', '2025-10-15 09:19:02'),
(7, 1, 'warning', 'Aucune séance générée — vérifier les avertissements', '[{\"level\": \"info\", \"message\": \"Fenêtre de planification : 2025-09-15 → 2025-11-15\"}, {\"level\": \"info\", \"message\": \"Durée cible des séances : 2 h — 2 occurrence(s) par groupe\"}, {\"level\": \"info\", \"message\": \"Classes associées : A1, A2\"}, {\"level\": \"info\", \"message\": \"Heures requises : 4 h — déjà planifiées : 0 h\"}, {\"level\": \"warning\", \"message\": \"A1, A2 — 15/09/2025 : Aucune salle n\'atteint la capacité requise.\"}, {\"level\": \"warning\", \"message\": \"A1, A2 — 16/09/2025 : Aucune salle n\'atteint la capacité requise.\"}, {\"level\": \"warning\", \"message\": \"A1, A2 — 17/09/2025 : Aucune salle n\'atteint la capacité requise.\"}, {\"level\": \"warning\", \"message\": \"A1, A2 — 18/09/2025 : Aucune salle n\'atteint la capacité requise.\"}, {\"level\": \"warning\", \"message\": \"A1, A2 — 19/09/2025 : Aucune salle n\'atteint la capacité requise.\"}, {\"level\": \"warning\", \"message\": \"A1, A2 — 22/09/2025 : Aucune salle n\'atteint la capacité requise.\"}, {\"level\": \"warning\", \"message\": \"A1, A2 — 23/09/2025 : Aucune salle n\'atteint la capacité requise.\"}, {\"level\": \"warning\", \"message\": \"A1, A2 — 24/09/2025 : Aucune salle n\'atteint la capacité requise.\"}, {\"level\": \"warning\", \"message\": \"A1, A2 — 25/09/2025 : Aucune salle n\'atteint la capacité requise.\"}, {\"level\": \"warning\", \"message\": \"A1, A2 — 26/09/2025 : Aucune salle n\'atteint la capacité requise.\"}, {\"level\": \"warning\", \"message\": \"A1, A2 — 29/09/2025 : Aucune salle n\'atteint la capacité requise.\"}, {\"level\": \"warning\", \"message\": \"A1, A2 — 30/09/2025 : Aucune salle n\'atteint la capacité requise.\"}, {\"level\": \"warning\", \"message\": \"A1, A2 — 01/10/2025 : Aucune salle n\'atteint la capacité requise.\"}, {\"level\": \"warning\", \"message\": \"A1, A2 — 02/10/2025 : Aucune salle n\'atteint la capacité requise.\"}, {\"level\": \"warning\", \"message\": \"A1, A2 — 03/10/2025 : Aucune salle n\'atteint la capacité requise.\"}, {\"level\": \"warning\", \"message\": \"A1, A2 — 06/10/2025 : Aucune salle n\'atteint la capacité requise.\"}, {\"level\": \"warning\", \"message\": \"A1, A2 — 07/10/2025 : Aucune salle n\'atteint la capacité requise.\"}, {\"level\": \"warning\", \"message\": \"A1, A2 — 08/10/2025 : Aucune salle n\'atteint la capacité requise.\"}, {\"level\": \"warning\", \"message\": \"A1, A2 — 09/10/2025 : Aucune salle n\'atteint la capacité requise.\"}, {\"level\": \"warning\", \"message\": \"A1, A2 — 10/10/2025 : Aucune salle n\'atteint la capacité requise.\"}, {\"level\": \"warning\", \"message\": \"A1, A2 — 13/10/2025 : Aucune salle n\'atteint la capacité requise.\"}, {\"level\": \"warning\", \"message\": \"A1, A2 — 14/10/2025 : Aucune salle n\'atteint la capacité requise.\"}, {\"level\": \"warning\", \"message\": \"A1, A2 — 15/10/2025 : Aucune salle n\'atteint la capacité requise.\"}, {\"level\": \"warning\", \"message\": \"A1, A2 — 16/10/2025 : Aucune salle n\'atteint la capacité requise.\"}, {\"level\": \"warning\", \"message\": \"A1, A2 — 17/10/2025 : Aucune salle n\'atteint la capacité requise.\"}, {\"level\": \"warning\", \"message\": \"A1, A2 — 20/10/2025 : Aucune salle n\'atteint la capacité requise.\"}, {\"level\": \"warning\", \"message\": \"A1, A2 — 21/10/2025 : Aucune salle n\'atteint la capacité requise.\"}, {\"level\": \"warning\", \"message\": \"A1, A2 — 22/10/2025 : Aucune salle n\'atteint la capacité requise.\"}, {\"level\": \"warning\", \"message\": \"A1, A2 — 23/10/2025 : Aucune salle n\'atteint la capacité requise.\"}, {\"level\": \"warning\", \"message\": \"A1, A2 — 24/10/2025 : Aucune salle n\'atteint la capacité requise.\"}, {\"level\": \"warning\", \"message\": \"A1, A2 — 27/10/2025 : Aucune salle n\'atteint la capacité requise.\"}, {\"level\": \"warning\", \"message\": \"A1, A2 — 28/10/2025 : Aucune salle n\'atteint la capacité requise.\"}, {\"level\": \"warning\", \"message\": \"A1, A2 — 29/10/2025 : Aucune salle n\'atteint la capacité requise.\"}, {\"level\": \"warning\", \"message\": \"A1, A2 — 30/10/2025 : Aucune salle n\'atteint la capacité requise.\"}, {\"level\": \"warning\", \"message\": \"A1, A2 — 31/10/2025 : Aucune salle n\'atteint la capacité requise.\"}, {\"level\": \"warning\", \"message\": \"A1, A2 — 03/11/2025 : Aucune salle n\'atteint la capacité requise.\"}, {\"level\": \"warning\", \"message\": \"A1, A2 — 04/11/2025 : Aucune salle n\'atteint la capacité requise.\"}, {\"level\": \"warning\", \"message\": \"A1, A2 — 05/11/2025 : Aucune salle n\'atteint la capacité requise.\"}, {\"level\": \"warning\", \"message\": \"A1, A2 — 06/11/2025 : Aucune salle n\'atteint la capacité requise.\"}, {\"level\": \"warning\", \"message\": \"A1, A2 — 07/11/2025 : Aucune salle n\'atteint la capacité requise.\"}, {\"level\": \"warning\", \"message\": \"A1, A2 — 10/11/2025 : Aucune salle n\'atteint la capacité requise.\"}, {\"level\": \"warning\", \"message\": \"A1, A2 — 11/11/2025 : Aucune salle n\'atteint la capacité requise.\"}, {\"level\": \"warning\", \"message\": \"A1, A2 — 12/11/2025 : Aucune salle n\'atteint la capacité requise.\"}, {\"level\": \"warning\", \"message\": \"A1, A2 — 13/11/2025 : Aucune salle n\'atteint la capacité requise.\"}, {\"level\": \"warning\", \"message\": \"A1, A2 — 14/11/2025 : Aucune salle n\'atteint la capacité requise.\"}, {\"level\": \"warning\", \"message\": \"Impossible de planifier 4 heure(s) supplémentaire(s) (cours magistral)\"}, {\"level\": \"info\", \"message\": \"Total de séances générées : 0\"}]', '2025-09-15', '2025-11-15', '2025-10-15 09:19:49', '2025-10-15 09:19:49');
INSERT INTO `course_schedule_log` (`id`, `course_id`, `status`, `summary`, `messages`, `window_start`, `window_end`, `created_at`, `updated_at`) VALUES
(8, 3, 'success', '16 séance(s) générée(s)', '[{\"level\": \"info\", \"message\": \"Fenêtre de planification : 2025-09-15 → 2025-11-15\"}, {\"level\": \"info\", \"message\": \"Durée cible des séances : 2 h — 8 occurrence(s) par groupe\"}, {\"level\": \"info\", \"message\": \"Classes associées : A1, A2\"}, {\"level\": \"info\", \"message\": \"Séance planifiée le 15/09/2025 08:00 → 10:00 (2 h) — A1 avec Loic  en salle SAE 1\"}, {\"level\": \"info\", \"message\": \"Séance planifiée le 23/09/2025 08:00 → 10:00 (2 h) — A1 avec Loic  en salle SAE 1\"}, {\"level\": \"info\", \"message\": \"Séance planifiée le 02/10/2025 08:00 → 10:00 (2 h) — A1 avec Loic  en salle SAE 1\"}, {\"level\": \"info\", \"message\": \"Séance planifiée le 10/10/2025 08:00 → 10:00 (2 h) — A1 avec Loic  en salle SAE 1\"}, {\"level\": \"info\", \"message\": \"Séance planifiée le 20/10/2025 08:00 → 10:00 (2 h) — A1 avec Loic  en salle SAE 1\"}, {\"level\": \"info\", \"message\": \"Séance planifiée le 28/10/2025 08:00 → 10:00 (2 h) — A1 avec Loic  en salle SAE 1\"}, {\"level\": \"info\", \"message\": \"Séance planifiée le 06/11/2025 08:00 → 10:00 (2 h) — A1 avec Loic  en salle SAE 1\"}, {\"level\": \"info\", \"message\": \"Séance planifiée le 14/11/2025 08:00 → 10:00 (2 h) — A1 avec Loic  en salle SAE 1\"}, {\"level\": \"info\", \"message\": \"Séance planifiée le 15/09/2025 08:00 → 10:00 (2 h) — A2 avec pierre en salle SAE 2\"}, {\"level\": \"info\", \"message\": \"Séance planifiée le 23/09/2025 08:00 → 10:00 (2 h) — A2 avec pierre en salle SAE 2\"}, {\"level\": \"info\", \"message\": \"Séance planifiée le 02/10/2025 08:00 → 10:00 (2 h) — A2 avec pierre en salle SAE 2\"}, {\"level\": \"info\", \"message\": \"Séance planifiée le 10/10/2025 08:00 → 10:00 (2 h) — A2 avec pierre en salle SAE 2\"}, {\"level\": \"info\", \"message\": \"Séance planifiée le 20/10/2025 08:00 → 10:00 (2 h) — A2 avec pierre en salle SAE 2\"}, {\"level\": \"info\", \"message\": \"Séance planifiée le 28/10/2025 08:00 → 10:00 (2 h) — A2 avec pierre en salle SAE 2\"}, {\"level\": \"info\", \"message\": \"Séance planifiée le 06/11/2025 08:00 → 10:00 (2 h) — A2 avec pierre en salle SAE 2\"}, {\"level\": \"info\", \"message\": \"Séance planifiée le 14/11/2025 08:00 → 10:00 (2 h) — A2 avec pierre en salle SAE 2\"}, {\"level\": \"info\", \"message\": \"Total de séances générées : 16\"}]', '2025-09-15', '2025-11-15', '2025-10-15 09:19:49', '2025-10-15 09:19:49'),
(9, 4, 'success', '32 séance(s) générée(s)', '[{\"level\": \"info\", \"message\": \"Fenêtre de planification : 2025-09-15 → 2025-11-15\"}, {\"level\": \"info\", \"message\": \"Durée cible des séances : 2 h — 8 occurrence(s) par groupe\"}, {\"level\": \"info\", \"message\": \"Classes associées : A1, A2\"}, {\"level\": \"info\", \"message\": \"Séance planifiée le 15/09/2025 10:15 → 12:15 (2 h) — A1 avec Francois en salle SAE 1\"}, {\"level\": \"info\", \"message\": \"Séance planifiée le 23/09/2025 10:15 → 12:15 (2 h) — A1 avec Francois en salle SAE 1\"}, {\"level\": \"info\", \"message\": \"Séance planifiée le 02/10/2025 10:15 → 12:15 (2 h) — A1 avec Francois en salle SAE 1\"}, {\"level\": \"info\", \"message\": \"Séance planifiée le 10/10/2025 10:15 → 12:15 (2 h) — A1 avec Francois en salle SAE 1\"}, {\"level\": \"info\", \"message\": \"Séance planifiée le 20/10/2025 10:15 → 12:15 (2 h) — A1 avec Francois en salle SAE 1\"}, {\"level\": \"info\", \"message\": \"Séance planifiée le 28/10/2025 10:15 → 12:15 (2 h) — A1 avec Francois en salle SAE 1\"}, {\"level\": \"info\", \"message\": \"Séance planifiée le 06/11/2025 10:15 → 12:15 (2 h) — A1 avec Francois en salle SAE 1\"}, {\"level\": \"info\", \"message\": \"Séance planifiée le 14/11/2025 10:15 → 12:15 (2 h) — A1 avec Francois en salle SAE 1\"}, {\"level\": \"info\", \"message\": \"Séance planifiée le 15/09/2025 13:30 → 15:30 (2 h) — A1 avec Francois en salle SAE 1\"}, {\"level\": \"info\", \"message\": \"Séance planifiée le 23/09/2025 13:30 → 15:30 (2 h) — A1 avec Francois en salle SAE 1\"}, {\"level\": \"info\", \"message\": \"Séance planifiée le 02/10/2025 13:30 → 15:30 (2 h) — A1 avec Francois en salle SAE 1\"}, {\"level\": \"info\", \"message\": \"Séance planifiée le 10/10/2025 13:30 → 15:30 (2 h) — A1 avec Francois en salle SAE 1\"}, {\"level\": \"info\", \"message\": \"Séance planifiée le 20/10/2025 13:30 → 15:30 (2 h) — A1 avec Francois en salle SAE 1\"}, {\"level\": \"info\", \"message\": \"Séance planifiée le 28/10/2025 13:30 → 15:30 (2 h) — A1 avec Francois en salle SAE 1\"}, {\"level\": \"info\", \"message\": \"Séance planifiée le 06/11/2025 13:30 → 15:30 (2 h) — A1 avec Francois en salle SAE 1\"}, {\"level\": \"info\", \"message\": \"Séance planifiée le 14/11/2025 13:30 → 15:30 (2 h) — A1 avec Francois en salle SAE 1\"}, {\"level\": \"info\", \"message\": \"Séance planifiée le 15/09/2025 10:15 → 12:15 (2 h) — A2 avec Gilles en salle SAE 2\"}, {\"level\": \"info\", \"message\": \"Séance planifiée le 23/09/2025 10:15 → 12:15 (2 h) — A2 avec Gilles en salle SAE 2\"}, {\"level\": \"info\", \"message\": \"Séance planifiée le 02/10/2025 10:15 → 12:15 (2 h) — A2 avec Gilles en salle SAE 2\"}, {\"level\": \"info\", \"message\": \"Séance planifiée le 10/10/2025 10:15 → 12:15 (2 h) — A2 avec Gilles en salle SAE 2\"}, {\"level\": \"info\", \"message\": \"Séance planifiée le 20/10/2025 10:15 → 12:15 (2 h) — A2 avec Gilles en salle SAE 2\"}, {\"level\": \"info\", \"message\": \"Séance planifiée le 28/10/2025 10:15 → 12:15 (2 h) — A2 avec Gilles en salle SAE 2\"}, {\"level\": \"info\", \"message\": \"Séance planifiée le 06/11/2025 10:15 → 12:15 (2 h) — A2 avec Gilles en salle SAE 2\"}, {\"level\": \"info\", \"message\": \"Séance planifiée le 14/11/2025 10:15 → 12:15 (2 h) — A2 avec Gilles en salle SAE 2\"}, {\"level\": \"info\", \"message\": \"Séance planifiée le 15/09/2025 13:30 → 15:30 (2 h) — A2 avec Gilles en salle SAE 2\"}, {\"level\": \"info\", \"message\": \"Séance planifiée le 23/09/2025 13:30 → 15:30 (2 h) — A2 avec Gilles en salle SAE 2\"}, {\"level\": \"info\", \"message\": \"Séance planifiée le 02/10/2025 13:30 → 15:30 (2 h) — A2 avec Gilles en salle SAE 2\"}, {\"level\": \"info\", \"message\": \"Séance planifiée le 10/10/2025 13:30 → 15:30 (2 h) — A2 avec Gilles en salle SAE 2\"}, {\"level\": \"info\", \"message\": \"Séance planifiée le 20/10/2025 13:30 → 15:30 (2 h) — A2 avec Gilles en salle SAE 2\"}, {\"level\": \"info\", \"message\": \"Séance planifiée le 28/10/2025 13:30 → 15:30 (2 h) — A2 avec Gilles en salle SAE 2\"}, {\"level\": \"info\", \"message\": \"Séance planifiée le 06/11/2025 13:30 → 15:30 (2 h) — A2 avec Gilles en salle SAE 2\"}, {\"level\": \"info\", \"message\": \"Séance planifiée le 14/11/2025 13:30 → 15:30 (2 h) — A2 avec Gilles en salle SAE 2\"}, {\"level\": \"info\", \"message\": \"Total de séances générées : 32\"}]', '2025-09-15', '2025-11-15', '2025-10-15 09:19:50', '2025-10-15 09:19:50'),
(10, 1, 'success', '2 séance(s) générée(s)', '[{\"level\": \"info\", \"message\": \"Fenêtre de planification : 2025-09-15 → 2025-11-15\"}, {\"level\": \"info\", \"message\": \"Durée cible des séances : 2 h — 2 occurrence(s) par groupe\"}, {\"level\": \"info\", \"message\": \"Classes associées : A1, A2\"}, {\"level\": \"info\", \"message\": \"Heures requises : 4 h — déjà planifiées : 0 h\"}, {\"level\": \"info\", \"message\": \"Séance planifiée le 15/09/2025 08:00 → 10:00 (2 h) — A1, A2 avec iza en salle AMPHI\"}, {\"level\": \"info\", \"message\": \"Séance planifiée le 14/11/2025 08:00 → 10:00 (2 h) — A1, A2 avec iza en salle AMPHI\"}, {\"level\": \"info\", \"message\": \"Total de séances générées : 2\"}]', '2025-09-15', '2025-11-15', '2025-10-15 09:20:56', '2025-10-15 09:20:56'),
(11, 3, 'success', '16 séance(s) générée(s)', '[{\"level\": \"info\", \"message\": \"Fenêtre de planification : 2025-09-15 → 2025-11-15\"}, {\"level\": \"info\", \"message\": \"Durée cible des séances : 2 h — 8 occurrence(s) par groupe\"}, {\"level\": \"info\", \"message\": \"Classes associées : A1, A2\"}, {\"level\": \"info\", \"message\": \"Séance planifiée le 15/09/2025 10:15 → 12:15 (2 h) — A1 avec Loic  en salle SAE 1\"}, {\"level\": \"info\", \"message\": \"Séance planifiée le 23/09/2025 08:00 → 10:00 (2 h) — A1 avec Loic  en salle SAE 1\"}, {\"level\": \"info\", \"message\": \"Séance planifiée le 02/10/2025 08:00 → 10:00 (2 h) — A1 avec Loic  en salle SAE 1\"}, {\"level\": \"info\", \"message\": \"Séance planifiée le 10/10/2025 08:00 → 10:00 (2 h) — A1 avec Loic  en salle SAE 1\"}, {\"level\": \"info\", \"message\": \"Séance planifiée le 20/10/2025 08:00 → 10:00 (2 h) — A1 avec Loic  en salle SAE 1\"}, {\"level\": \"info\", \"message\": \"Séance planifiée le 28/10/2025 08:00 → 10:00 (2 h) — A1 avec Loic  en salle SAE 1\"}, {\"level\": \"info\", \"message\": \"Séance planifiée le 06/11/2025 08:00 → 10:00 (2 h) — A1 avec Loic  en salle SAE 1\"}, {\"level\": \"info\", \"message\": \"Séance planifiée le 14/11/2025 10:15 → 12:15 (2 h) — A1 avec Loic  en salle SAE 1\"}, {\"level\": \"info\", \"message\": \"Séance planifiée le 15/09/2025 10:15 → 12:15 (2 h) — A2 avec pierre en salle SAE 2\"}, {\"level\": \"info\", \"message\": \"Séance planifiée le 23/09/2025 08:00 → 10:00 (2 h) — A2 avec pierre en salle SAE 2\"}, {\"level\": \"info\", \"message\": \"Séance planifiée le 02/10/2025 08:00 → 10:00 (2 h) — A2 avec pierre en salle SAE 2\"}, {\"level\": \"info\", \"message\": \"Séance planifiée le 10/10/2025 08:00 → 10:00 (2 h) — A2 avec pierre en salle SAE 2\"}, {\"level\": \"info\", \"message\": \"Séance planifiée le 20/10/2025 08:00 → 10:00 (2 h) — A2 avec pierre en salle SAE 2\"}, {\"level\": \"info\", \"message\": \"Séance planifiée le 28/10/2025 08:00 → 10:00 (2 h) — A2 avec pierre en salle SAE 2\"}, {\"level\": \"info\", \"message\": \"Séance planifiée le 06/11/2025 08:00 → 10:00 (2 h) — A2 avec pierre en salle SAE 2\"}, {\"level\": \"info\", \"message\": \"Séance planifiée le 14/11/2025 10:15 → 12:15 (2 h) — A2 avec pierre en salle SAE 2\"}, {\"level\": \"info\", \"message\": \"Total de séances générées : 16\"}]', '2025-09-15', '2025-11-15', '2025-10-15 09:20:57', '2025-10-15 09:20:57'),
(12, 4, 'success', '32 séance(s) générée(s)', '[{\"level\": \"info\", \"message\": \"Fenêtre de planification : 2025-09-15 → 2025-11-15\"}, {\"level\": \"info\", \"message\": \"Durée cible des séances : 2 h — 8 occurrence(s) par groupe\"}, {\"level\": \"info\", \"message\": \"Classes associées : A1, A2\"}, {\"level\": \"info\", \"message\": \"Séance planifiée le 15/09/2025 13:30 → 15:30 (2 h) — A1 avec Francois en salle SAE 1\"}, {\"level\": \"info\", \"message\": \"Séance planifiée le 23/09/2025 10:15 → 12:15 (2 h) — A1 avec Francois en salle SAE 1\"}, {\"level\": \"info\", \"message\": \"Séance planifiée le 02/10/2025 10:15 → 12:15 (2 h) — A1 avec Francois en salle SAE 1\"}, {\"level\": \"info\", \"message\": \"Séance planifiée le 10/10/2025 10:15 → 12:15 (2 h) — A1 avec Francois en salle SAE 1\"}, {\"level\": \"info\", \"message\": \"Séance planifiée le 20/10/2025 10:15 → 12:15 (2 h) — A1 avec Francois en salle SAE 1\"}, {\"level\": \"info\", \"message\": \"Séance planifiée le 28/10/2025 10:15 → 12:15 (2 h) — A1 avec Francois en salle SAE 1\"}, {\"level\": \"info\", \"message\": \"Séance planifiée le 06/11/2025 10:15 → 12:15 (2 h) — A1 avec Francois en salle SAE 1\"}, {\"level\": \"info\", \"message\": \"Séance planifiée le 14/11/2025 13:30 → 15:30 (2 h) — A1 avec Francois en salle SAE 1\"}, {\"level\": \"info\", \"message\": \"Séance planifiée le 15/09/2025 15:45 → 17:45 (2 h) — A1 avec Francois en salle SAE 1\"}, {\"level\": \"info\", \"message\": \"Séance planifiée le 23/09/2025 13:30 → 15:30 (2 h) — A1 avec Francois en salle SAE 1\"}, {\"level\": \"info\", \"message\": \"Séance planifiée le 02/10/2025 13:30 → 15:30 (2 h) — A1 avec Francois en salle SAE 1\"}, {\"level\": \"info\", \"message\": \"Séance planifiée le 10/10/2025 13:30 → 15:30 (2 h) — A1 avec Francois en salle SAE 1\"}, {\"level\": \"info\", \"message\": \"Séance planifiée le 20/10/2025 13:30 → 15:30 (2 h) — A1 avec Francois en salle SAE 1\"}, {\"level\": \"info\", \"message\": \"Séance planifiée le 28/10/2025 13:30 → 15:30 (2 h) — A1 avec Francois en salle SAE 1\"}, {\"level\": \"info\", \"message\": \"Séance planifiée le 06/11/2025 13:30 → 15:30 (2 h) — A1 avec Francois en salle SAE 1\"}, {\"level\": \"info\", \"message\": \"Séance planifiée le 14/11/2025 15:45 → 17:45 (2 h) — A1 avec Francois en salle SAE 1\"}, {\"level\": \"info\", \"message\": \"Séance planifiée le 15/09/2025 13:30 → 15:30 (2 h) — A2 avec Gilles en salle SAE 2\"}, {\"level\": \"info\", \"message\": \"Séance planifiée le 23/09/2025 10:15 → 12:15 (2 h) — A2 avec Gilles en salle SAE 2\"}, {\"level\": \"info\", \"message\": \"Séance planifiée le 02/10/2025 10:15 → 12:15 (2 h) — A2 avec Gilles en salle SAE 2\"}, {\"level\": \"info\", \"message\": \"Séance planifiée le 10/10/2025 10:15 → 12:15 (2 h) — A2 avec Gilles en salle SAE 2\"}, {\"level\": \"info\", \"message\": \"Séance planifiée le 20/10/2025 10:15 → 12:15 (2 h) — A2 avec Gilles en salle SAE 2\"}, {\"level\": \"info\", \"message\": \"Séance planifiée le 28/10/2025 10:15 → 12:15 (2 h) — A2 avec Gilles en salle SAE 2\"}, {\"level\": \"info\", \"message\": \"Séance planifiée le 06/11/2025 10:15 → 12:15 (2 h) — A2 avec Gilles en salle SAE 2\"}, {\"level\": \"info\", \"message\": \"Séance planifiée le 14/11/2025 13:30 → 15:30 (2 h) — A2 avec Gilles en salle SAE 2\"}, {\"level\": \"info\", \"message\": \"Séance planifiée le 15/09/2025 15:45 → 17:45 (2 h) — A2 avec Gilles en salle SAE 2\"}, {\"level\": \"info\", \"message\": \"Séance planifiée le 23/09/2025 13:30 → 15:30 (2 h) — A2 avec Gilles en salle SAE 2\"}, {\"level\": \"info\", \"message\": \"Séance planifiée le 02/10/2025 13:30 → 15:30 (2 h) — A2 avec Gilles en salle SAE 2\"}, {\"level\": \"info\", \"message\": \"Séance planifiée le 10/10/2025 13:30 → 15:30 (2 h) — A2 avec Gilles en salle SAE 2\"}, {\"level\": \"info\", \"message\": \"Séance planifiée le 20/10/2025 13:30 → 15:30 (2 h) — A2 avec Gilles en salle SAE 2\"}, {\"level\": \"info\", \"message\": \"Séance planifiée le 28/10/2025 13:30 → 15:30 (2 h) — A2 avec Gilles en salle SAE 2\"}, {\"level\": \"info\", \"message\": \"Séance planifiée le 06/11/2025 13:30 → 15:30 (2 h) — A2 avec Gilles en salle SAE 2\"}, {\"level\": \"info\", \"message\": \"Séance planifiée le 14/11/2025 15:45 → 17:45 (2 h) — A2 avec Gilles en salle SAE 2\"}, {\"level\": \"info\", \"message\": \"Total de séances générées : 32\"}]', '2025-09-15', '2025-11-15', '2025-10-15 09:20:57', '2025-10-15 09:20:57'),
(13, 1, 'success', '2 séance(s) générée(s)', '[{\"level\": \"info\", \"message\": \"Fenêtre de planification : 2025-09-15 → 2025-11-15\"}, {\"level\": \"info\", \"message\": \"Durée cible des séances : 2 h — 2 occurrence(s) par groupe\"}, {\"level\": \"info\", \"message\": \"Classes associées : A1, A2\"}, {\"level\": \"info\", \"message\": \"Heures requises : 4 h — déjà planifiées : 0 h\"}, {\"level\": \"info\", \"message\": \"Séance planifiée le 15/09/2025 08:00 → 10:00 (2 h) — A1, A2 avec iza en salle AMPHI\"}, {\"level\": \"info\", \"message\": \"Séance planifiée le 14/11/2025 08:00 → 10:00 (2 h) — A1, A2 avec iza en salle AMPHI\"}, {\"level\": \"info\", \"message\": \"Total de séances générées : 2\"}]', '2025-09-15', '2025-11-15', '2025-10-15 09:45:17', '2025-10-15 09:45:17'),
(14, 3, 'success', '16 séance(s) générée(s)', '[{\"level\": \"info\", \"message\": \"Fenêtre de planification : 2025-09-15 → 2025-11-15\"}, {\"level\": \"info\", \"message\": \"Durée cible des séances : 2 h — 8 occurrence(s) par groupe\"}, {\"level\": \"info\", \"message\": \"Classes associées : A1, A2\"}, {\"level\": \"info\", \"message\": \"Séance planifiée le 15/09/2025 10:15 → 12:15 (2 h) — A1 avec Loic  en salle SAE 1\"}, {\"level\": \"info\", \"message\": \"Séance planifiée le 23/09/2025 08:00 → 10:00 (2 h) — A1 avec Loic  en salle SAE 1\"}, {\"level\": \"info\", \"message\": \"Séance planifiée le 02/10/2025 08:00 → 10:00 (2 h) — A1 avec Loic  en salle SAE 1\"}, {\"level\": \"info\", \"message\": \"Séance planifiée le 10/10/2025 08:00 → 10:00 (2 h) — A1 avec Loic  en salle SAE 1\"}, {\"level\": \"info\", \"message\": \"Séance planifiée le 20/10/2025 08:00 → 10:00 (2 h) — A1 avec Loic  en salle SAE 1\"}, {\"level\": \"info\", \"message\": \"Séance planifiée le 28/10/2025 08:00 → 10:00 (2 h) — A1 avec Loic  en salle SAE 1\"}, {\"level\": \"info\", \"message\": \"Séance planifiée le 06/11/2025 08:00 → 10:00 (2 h) — A1 avec Loic  en salle SAE 1\"}, {\"level\": \"info\", \"message\": \"Séance planifiée le 14/11/2025 10:15 → 12:15 (2 h) — A1 avec Loic  en salle SAE 1\"}, {\"level\": \"info\", \"message\": \"Séance planifiée le 15/09/2025 10:15 → 12:15 (2 h) — A2 avec pierre en salle SAE 2\"}, {\"level\": \"info\", \"message\": \"Séance planifiée le 23/09/2025 08:00 → 10:00 (2 h) — A2 avec pierre en salle SAE 2\"}, {\"level\": \"info\", \"message\": \"Séance planifiée le 02/10/2025 08:00 → 10:00 (2 h) — A2 avec pierre en salle SAE 2\"}, {\"level\": \"info\", \"message\": \"Séance planifiée le 10/10/2025 08:00 → 10:00 (2 h) — A2 avec pierre en salle SAE 2\"}, {\"level\": \"info\", \"message\": \"Séance planifiée le 20/10/2025 08:00 → 10:00 (2 h) — A2 avec pierre en salle SAE 2\"}, {\"level\": \"info\", \"message\": \"Séance planifiée le 28/10/2025 08:00 → 10:00 (2 h) — A2 avec pierre en salle SAE 2\"}, {\"level\": \"info\", \"message\": \"Séance planifiée le 06/11/2025 08:00 → 10:00 (2 h) — A2 avec pierre en salle SAE 2\"}, {\"level\": \"info\", \"message\": \"Séance planifiée le 14/11/2025 10:15 → 12:15 (2 h) — A2 avec pierre en salle SAE 2\"}, {\"level\": \"info\", \"message\": \"Total de séances générées : 16\"}]', '2025-09-15', '2025-11-15', '2025-10-15 09:45:17', '2025-10-15 09:45:17'),
(15, 4, 'success', '32 séance(s) générée(s)', '[{\"level\": \"info\", \"message\": \"Fenêtre de planification : 2025-09-15 → 2025-11-15\"}, {\"level\": \"info\", \"message\": \"Durée cible des séances : 2 h — 8 occurrence(s) par groupe\"}, {\"level\": \"info\", \"message\": \"Classes associées : A1, A2\"}, {\"level\": \"info\", \"message\": \"Séance planifiée le 15/09/2025 13:30 → 15:30 (2 h) — A1 avec Francois en salle SAE 1\"}, {\"level\": \"info\", \"message\": \"Séance planifiée le 23/09/2025 10:15 → 12:15 (2 h) — A1 avec Francois en salle SAE 1\"}, {\"level\": \"info\", \"message\": \"Séance planifiée le 02/10/2025 10:15 → 12:15 (2 h) — A1 avec Francois en salle SAE 1\"}, {\"level\": \"info\", \"message\": \"Séance planifiée le 10/10/2025 10:15 → 12:15 (2 h) — A1 avec Francois en salle SAE 1\"}, {\"level\": \"info\", \"message\": \"Séance planifiée le 20/10/2025 10:15 → 12:15 (2 h) — A1 avec Francois en salle SAE 1\"}, {\"level\": \"info\", \"message\": \"Séance planifiée le 28/10/2025 10:15 → 12:15 (2 h) — A1 avec Francois en salle SAE 1\"}, {\"level\": \"info\", \"message\": \"Séance planifiée le 06/11/2025 10:15 → 12:15 (2 h) — A1 avec Francois en salle SAE 1\"}, {\"level\": \"info\", \"message\": \"Séance planifiée le 14/11/2025 13:30 → 15:30 (2 h) — A1 avec Francois en salle SAE 1\"}, {\"level\": \"info\", \"message\": \"Séance planifiée le 15/09/2025 15:45 → 17:45 (2 h) — A1 avec Francois en salle SAE 1\"}, {\"level\": \"info\", \"message\": \"Séance planifiée le 23/09/2025 13:30 → 15:30 (2 h) — A1 avec Francois en salle SAE 1\"}, {\"level\": \"info\", \"message\": \"Séance planifiée le 02/10/2025 13:30 → 15:30 (2 h) — A1 avec Francois en salle SAE 1\"}, {\"level\": \"info\", \"message\": \"Séance planifiée le 10/10/2025 13:30 → 15:30 (2 h) — A1 avec Francois en salle SAE 1\"}, {\"level\": \"info\", \"message\": \"Séance planifiée le 20/10/2025 13:30 → 15:30 (2 h) — A1 avec Francois en salle SAE 1\"}, {\"level\": \"info\", \"message\": \"Séance planifiée le 28/10/2025 13:30 → 15:30 (2 h) — A1 avec Francois en salle SAE 1\"}, {\"level\": \"info\", \"message\": \"Séance planifiée le 06/11/2025 13:30 → 15:30 (2 h) — A1 avec Francois en salle SAE 1\"}, {\"level\": \"info\", \"message\": \"Séance planifiée le 14/11/2025 15:45 → 17:45 (2 h) — A1 avec Francois en salle SAE 1\"}, {\"level\": \"info\", \"message\": \"Séance planifiée le 15/09/2025 13:30 → 15:30 (2 h) — A2 avec Gilles en salle SAE 2\"}, {\"level\": \"info\", \"message\": \"Séance planifiée le 23/09/2025 10:15 → 12:15 (2 h) — A2 avec Gilles en salle SAE 2\"}, {\"level\": \"info\", \"message\": \"Séance planifiée le 02/10/2025 10:15 → 12:15 (2 h) — A2 avec Gilles en salle SAE 2\"}, {\"level\": \"info\", \"message\": \"Séance planifiée le 10/10/2025 10:15 → 12:15 (2 h) — A2 avec Gilles en salle SAE 2\"}, {\"level\": \"info\", \"message\": \"Séance planifiée le 20/10/2025 10:15 → 12:15 (2 h) — A2 avec Gilles en salle SAE 2\"}, {\"level\": \"info\", \"message\": \"Séance planifiée le 28/10/2025 10:15 → 12:15 (2 h) — A2 avec Gilles en salle SAE 2\"}, {\"level\": \"info\", \"message\": \"Séance planifiée le 06/11/2025 10:15 → 12:15 (2 h) — A2 avec Gilles en salle SAE 2\"}, {\"level\": \"info\", \"message\": \"Séance planifiée le 14/11/2025 13:30 → 15:30 (2 h) — A2 avec Gilles en salle SAE 2\"}, {\"level\": \"info\", \"message\": \"Séance planifiée le 15/09/2025 15:45 → 17:45 (2 h) — A2 avec Gilles en salle SAE 2\"}, {\"level\": \"info\", \"message\": \"Séance planifiée le 23/09/2025 13:30 → 15:30 (2 h) — A2 avec Gilles en salle SAE 2\"}, {\"level\": \"info\", \"message\": \"Séance planifiée le 02/10/2025 13:30 → 15:30 (2 h) — A2 avec Gilles en salle SAE 2\"}, {\"level\": \"info\", \"message\": \"Séance planifiée le 10/10/2025 13:30 → 15:30 (2 h) — A2 avec Gilles en salle SAE 2\"}, {\"level\": \"info\", \"message\": \"Séance planifiée le 20/10/2025 13:30 → 15:30 (2 h) — A2 avec Gilles en salle SAE 2\"}, {\"level\": \"info\", \"message\": \"Séance planifiée le 28/10/2025 13:30 → 15:30 (2 h) — A2 avec Gilles en salle SAE 2\"}, {\"level\": \"info\", \"message\": \"Séance planifiée le 06/11/2025 13:30 → 15:30 (2 h) — A2 avec Gilles en salle SAE 2\"}, {\"level\": \"info\", \"message\": \"Séance planifiée le 14/11/2025 15:45 → 17:45 (2 h) — A2 avec Gilles en salle SAE 2\"}, {\"level\": \"info\", \"message\": \"Total de séances générées : 32\"}]', '2025-09-15', '2025-11-15', '2025-10-15 09:45:17', '2025-10-15 09:45:17'),
(16, 5, 'warning', '4 séance(s) générée(s) avec avertissements', '[{\"level\": \"info\", \"message\": \"Fenêtre de planification : 2025-09-01 → 2025-09-15\"}, {\"level\": \"info\", \"message\": \"Durée cible des séances : 2 h — 2 occurrence(s) par groupe\"}, {\"level\": \"info\", \"message\": \"Classes associées : A1\"}, {\"level\": \"info\", \"message\": \"Séance planifiée le 01/09/2025 08:00 → 10:00 (2 h) — A1 avec Francois en salle SAE 1\"}, {\"level\": \"warning\", \"message\": \"A1 — groupe A — 15/09/2025 : A1 est indisponible de 08:00 à 09:00.\"}, {\"level\": \"warning\", \"message\": \"A1 — groupe A — 15/09/2025 : A1 est indisponible de 08:00 à 10:00.\"}, {\"level\": \"warning\", \"message\": \"A1 — groupe A — 15/09/2025 : A1 est indisponible de 09:00 à 10:00.\"}, {\"level\": \"warning\", \"message\": \"A1 — groupe A — 15/09/2025 : A1 est indisponible de 10:15 à 11:15.\"}, {\"level\": \"warning\", \"message\": \"A1 — groupe A — 15/09/2025 : A1 est indisponible de 10:15 à 12:15.\"}, {\"level\": \"warning\", \"message\": \"A1 — groupe A — 15/09/2025 : A1 est indisponible de 11:15 à 12:15.\"}, {\"level\": \"warning\", \"message\": \"A1 — groupe A — 15/09/2025 : A1 est indisponible de 13:30 à 14:30.\"}, {\"level\": \"warning\", \"message\": \"A1 — groupe A — 15/09/2025 : A1 est indisponible de 13:30 à 15:30.\"}, {\"level\": \"warning\", \"message\": \"A1 — groupe A — 15/09/2025 : A1 est indisponible de 14:30 à 15:30.\"}, {\"level\": \"warning\", \"message\": \"A1 — groupe A — 15/09/2025 : A1 est indisponible de 15:45 à 16:45.\"}, {\"level\": \"warning\", \"message\": \"A1 — groupe A — 15/09/2025 : A1 est indisponible de 15:45 à 17:45.\"}, {\"level\": \"warning\", \"message\": \"A1 — groupe A — 15/09/2025 : A1 est indisponible de 16:45 à 17:45.\"}, {\"level\": \"info\", \"message\": \"Séance planifiée le 12/09/2025 08:00 → 10:00 (2 h) — A1 avec Francois en salle SAE 1\"}, {\"level\": \"info\", \"message\": \"Séance planifiée le 01/09/2025 10:15 → 12:15 (2 h) — A1 avec Francois en salle SAE 1\"}, {\"level\": \"warning\", \"message\": \"A1 — groupe B — 15/09/2025 : A1 est indisponible de 08:00 à 09:00.\"}, {\"level\": \"warning\", \"message\": \"A1 — groupe B — 15/09/2025 : A1 est indisponible de 08:00 à 10:00.\"}, {\"level\": \"warning\", \"message\": \"A1 — groupe B — 15/09/2025 : A1 est indisponible de 09:00 à 10:00.\"}, {\"level\": \"warning\", \"message\": \"A1 — groupe B — 15/09/2025 : A1 est indisponible de 10:15 à 11:15.\"}, {\"level\": \"warning\", \"message\": \"A1 — groupe B — 15/09/2025 : A1 est indisponible de 10:15 à 12:15.\"}, {\"level\": \"warning\", \"message\": \"A1 — groupe B — 15/09/2025 : A1 est indisponible de 11:15 à 12:15.\"}, {\"level\": \"warning\", \"message\": \"A1 — groupe B — 15/09/2025 : A1 est indisponible de 13:30 à 14:30.\"}, {\"level\": \"warning\", \"message\": \"A1 — groupe B — 15/09/2025 : A1 est indisponible de 13:30 à 15:30.\"}, {\"level\": \"warning\", \"message\": \"A1 — groupe B — 15/09/2025 : A1 est indisponible de 14:30 à 15:30.\"}, {\"level\": \"warning\", \"message\": \"A1 — groupe B — 15/09/2025 : A1 est indisponible de 15:45 à 16:45.\"}, {\"level\": \"warning\", \"message\": \"A1 — groupe B — 15/09/2025 : A1 est indisponible de 15:45 à 17:45.\"}, {\"level\": \"warning\", \"message\": \"A1 — groupe B — 15/09/2025 : A1 est indisponible de 16:45 à 17:45.\"}, {\"level\": \"info\", \"message\": \"Séance planifiée le 12/09/2025 10:15 → 12:15 (2 h) — A1 avec Francois en salle SAE 1\"}, {\"level\": \"info\", \"message\": \"Total de séances générées : 4\"}]', '2025-09-01', '2025-09-15', '2025-10-15 09:45:17', '2025-10-15 09:45:17'),
(17, 5, 'warning', '4 séance(s) générée(s) avec avertissements', '[{\"level\": \"info\", \"message\": \"Fenêtre de planification : 2025-09-01 → 2025-09-15\"}, {\"level\": \"info\", \"message\": \"Durée cible des séances : 2 h — 2 occurrence(s) par groupe\"}, {\"level\": \"info\", \"message\": \"Classes associées : A1\"}, {\"level\": \"info\", \"message\": \"Séance planifiée le 01/09/2025 08:00 → 10:00 (2 h) — A1 avec Francois en salle SAE 1\"}, {\"level\": \"warning\", \"message\": \"A1 — groupe A — 15/09/2025 : A1 est indisponible de 08:00 à 09:00.\"}, {\"level\": \"warning\", \"message\": \"A1 — groupe A — 15/09/2025 : A1 est indisponible de 08:00 à 10:00.\"}, {\"level\": \"warning\", \"message\": \"A1 — groupe A — 15/09/2025 : A1 est indisponible de 09:00 à 10:00.\"}, {\"level\": \"warning\", \"message\": \"A1 — groupe A — 15/09/2025 : A1 est indisponible de 10:15 à 11:15.\"}, {\"level\": \"warning\", \"message\": \"A1 — groupe A — 15/09/2025 : A1 est indisponible de 10:15 à 12:15.\"}, {\"level\": \"warning\", \"message\": \"A1 — groupe A — 15/09/2025 : A1 est indisponible de 11:15 à 12:15.\"}, {\"level\": \"warning\", \"message\": \"A1 — groupe A — 15/09/2025 : A1 est indisponible de 13:30 à 14:30.\"}, {\"level\": \"warning\", \"message\": \"A1 — groupe A — 15/09/2025 : A1 est indisponible de 13:30 à 15:30.\"}, {\"level\": \"warning\", \"message\": \"A1 — groupe A — 15/09/2025 : A1 est indisponible de 14:30 à 15:30.\"}, {\"level\": \"warning\", \"message\": \"A1 — groupe A — 15/09/2025 : A1 est indisponible de 15:45 à 16:45.\"}, {\"level\": \"warning\", \"message\": \"A1 — groupe A — 15/09/2025 : A1 est indisponible de 15:45 à 17:45.\"}, {\"level\": \"warning\", \"message\": \"A1 — groupe A — 15/09/2025 : A1 est indisponible de 16:45 à 17:45.\"}, {\"level\": \"info\", \"message\": \"Séance planifiée le 12/09/2025 08:00 → 10:00 (2 h) — A1 avec Francois en salle SAE 1\"}, {\"level\": \"info\", \"message\": \"Séance planifiée le 01/09/2025 10:15 → 12:15 (2 h) — A1 avec Francois en salle SAE 1\"}, {\"level\": \"warning\", \"message\": \"A1 — groupe B — 15/09/2025 : A1 est indisponible de 08:00 à 09:00.\"}, {\"level\": \"warning\", \"message\": \"A1 — groupe B — 15/09/2025 : A1 est indisponible de 08:00 à 10:00.\"}, {\"level\": \"warning\", \"message\": \"A1 — groupe B — 15/09/2025 : A1 est indisponible de 09:00 à 10:00.\"}, {\"level\": \"warning\", \"message\": \"A1 — groupe B — 15/09/2025 : A1 est indisponible de 10:15 à 11:15.\"}, {\"level\": \"warning\", \"message\": \"A1 — groupe B — 15/09/2025 : A1 est indisponible de 10:15 à 12:15.\"}, {\"level\": \"warning\", \"message\": \"A1 — groupe B — 15/09/2025 : A1 est indisponible de 11:15 à 12:15.\"}, {\"level\": \"warning\", \"message\": \"A1 — groupe B — 15/09/2025 : A1 est indisponible de 13:30 à 14:30.\"}, {\"level\": \"warning\", \"message\": \"A1 — groupe B — 15/09/2025 : A1 est indisponible de 13:30 à 15:30.\"}, {\"level\": \"warning\", \"message\": \"A1 — groupe B — 15/09/2025 : A1 est indisponible de 14:30 à 15:30.\"}, {\"level\": \"warning\", \"message\": \"A1 — groupe B — 15/09/2025 : A1 est indisponible de 15:45 à 16:45.\"}, {\"level\": \"warning\", \"message\": \"A1 — groupe B — 15/09/2025 : A1 est indisponible de 15:45 à 17:45.\"}, {\"level\": \"warning\", \"message\": \"A1 — groupe B — 15/09/2025 : A1 est indisponible de 16:45 à 17:45.\"}, {\"level\": \"info\", \"message\": \"Séance planifiée le 12/09/2025 10:15 → 12:15 (2 h) — A1 avec Francois en salle SAE 1\"}, {\"level\": \"info\", \"message\": \"Total de séances générées : 4\"}]', '2025-09-01', '2025-09-15', '2025-10-15 09:51:18', '2025-10-15 09:51:18'),
(18, 5, 'success', '4 séance(s) générée(s)', '[{\"level\": \"info\", \"message\": \"Fenêtre de planification : 2025-09-01 → 2025-09-14\"}, {\"level\": \"info\", \"message\": \"Durée cible des séances : 2 h — 2 occurrence(s) par groupe\"}, {\"level\": \"info\", \"message\": \"Classes associées : A1\"}, {\"level\": \"info\", \"message\": \"Séance planifiée le 01/09/2025 08:00 → 10:00 (2 h) — A1 avec Francois en salle SAE 1\"}, {\"level\": \"info\", \"message\": \"Séance planifiée le 12/09/2025 08:00 → 10:00 (2 h) — A1 avec Francois en salle SAE 1\"}, {\"level\": \"info\", \"message\": \"Séance planifiée le 01/09/2025 10:15 → 12:15 (2 h) — A1 avec Francois en salle SAE 1\"}, {\"level\": \"info\", \"message\": \"Séance planifiée le 12/09/2025 10:15 → 12:15 (2 h) — A1 avec Francois en salle SAE 1\"}, {\"level\": \"info\", \"message\": \"Total de séances générées : 4\"}]', '2025-09-01', '2025-09-14', '2025-10-15 09:53:56', '2025-10-15 09:53:56');

-- --------------------------------------------------------

--
-- Structure de la table `course_software`
--

CREATE TABLE `course_software` (
  `course_id` int(11) NOT NULL,
  `software_id` int(11) NOT NULL
) ENGINE=InnoDB DEFAULT CHARSET=utf8mb4 COLLATE=utf8mb4_general_ci;

-- --------------------------------------------------------

--
-- Structure de la table `course_teacher`
--

CREATE TABLE `course_teacher` (
  `course_id` int(11) NOT NULL,
  `teacher_id` int(11) NOT NULL
) ENGINE=InnoDB DEFAULT CHARSET=utf8mb4 COLLATE=utf8mb4_general_ci;

--
-- Déchargement des données de la table `course_teacher`
--

INSERT INTO `course_teacher` (`course_id`, `teacher_id`) VALUES
(1, 5),
(3, 1),
(3, 6);

-- --------------------------------------------------------

--
-- Structure de la table `course_name_preferred_room`
--

CREATE TABLE `course_name_preferred_room` (
  `course_name_id` int(11) NOT NULL,
  `room_id` int(11) NOT NULL
) ENGINE=InnoDB DEFAULT CHARSET=utf8mb4 COLLATE=utf8mb4_general_ci;

-- --------------------------------------------------------

--
-- Structure de la table `equipment`
--

CREATE TABLE `equipment` (
  `id` int(11) NOT NULL,
  `name` varchar(120) NOT NULL
) ENGINE=InnoDB DEFAULT CHARSET=utf8mb4 COLLATE=utf8mb4_general_ci;

-- --------------------------------------------------------

--
-- Structure de la table `room`
--

CREATE TABLE `room` (
  `id` int(11) NOT NULL,
  `name` varchar(120) NOT NULL,
  `capacity` int(11) NOT NULL,
  `computers` int(11) NOT NULL,
  `notes` text DEFAULT NULL,
  `created_at` datetime NOT NULL,
  `updated_at` datetime NOT NULL
) ENGINE=InnoDB DEFAULT CHARSET=utf8mb4 COLLATE=utf8mb4_general_ci;

--
-- Déchargement des données de la table `room`
--

INSERT INTO `room` (`id`, `name`, `capacity`, `computers`, `notes`, `created_at`, `updated_at`) VALUES
(1, 'SAE 1', 24, 12, '', '2025-10-15 09:10:20', '2025-10-15 09:19:15'),
(2, 'SAE 2', 24, 12, '', '2025-10-15 09:10:25', '2025-10-15 09:19:29'),
(3, 'AMPHI', 160, 0, '', '2025-10-15 09:20:30', '2025-10-15 09:20:37');

-- --------------------------------------------------------

--
-- Structure de la table `room_equipment`
--

CREATE TABLE `room_equipment` (
  `room_id` int(11) NOT NULL,
  `equipment_id` int(11) NOT NULL
) ENGINE=InnoDB DEFAULT CHARSET=utf8mb4 COLLATE=utf8mb4_general_ci;

-- --------------------------------------------------------

--
-- Structure de la table `room_software`
--

CREATE TABLE `room_software` (
  `room_id` int(11) NOT NULL,
  `software_id` int(11) NOT NULL
) ENGINE=InnoDB DEFAULT CHARSET=utf8mb4 COLLATE=utf8mb4_general_ci;

-- --------------------------------------------------------

--
-- Structure de la table `session`
--

CREATE TABLE `session` (
  `id` int(11) NOT NULL,
  `course_id` int(11) NOT NULL,
  `teacher_id` int(11) NOT NULL,
  `room_id` int(11) NOT NULL,
  `class_group_id` int(11) NOT NULL,
  `subgroup_label` varchar(1) DEFAULT NULL,
  `start_time` datetime NOT NULL,
  `end_time` datetime NOT NULL,
  `created_at` datetime NOT NULL,
  `updated_at` datetime NOT NULL
) ;

--
-- Déchargement des données de la table `session`
--

INSERT INTO `session` (`id`, `course_id`, `teacher_id`, `room_id`, `class_group_id`, `subgroup_label`, `start_time`, `end_time`, `created_at`, `updated_at`) VALUES
(99, 1, 5, 3, 1, NULL, '2025-09-15 08:00:00', '2025-09-15 10:00:00', '2025-10-15 09:45:17', '2025-10-15 09:45:17'),
(100, 1, 5, 3, 1, NULL, '2025-11-14 08:00:00', '2025-11-14 10:00:00', '2025-10-15 09:45:17', '2025-10-15 09:45:17'),
(101, 3, 1, 1, 1, NULL, '2025-09-15 10:15:00', '2025-09-15 12:15:00', '2025-10-15 09:45:17', '2025-10-15 09:45:17'),
(102, 3, 1, 1, 1, NULL, '2025-09-23 08:00:00', '2025-09-23 10:00:00', '2025-10-15 09:45:17', '2025-10-15 09:45:17'),
(103, 3, 1, 1, 1, NULL, '2025-10-02 08:00:00', '2025-10-02 10:00:00', '2025-10-15 09:45:17', '2025-10-15 09:45:17'),
(104, 3, 1, 1, 1, NULL, '2025-10-10 08:00:00', '2025-10-10 10:00:00', '2025-10-15 09:45:17', '2025-10-15 09:45:17'),
(105, 3, 1, 1, 1, NULL, '2025-10-20 08:00:00', '2025-10-20 10:00:00', '2025-10-15 09:45:17', '2025-10-15 09:45:17'),
(106, 3, 1, 1, 1, NULL, '2025-10-28 08:00:00', '2025-10-28 10:00:00', '2025-10-15 09:45:17', '2025-10-15 09:45:17'),
(107, 3, 1, 1, 1, NULL, '2025-11-06 08:00:00', '2025-11-06 10:00:00', '2025-10-15 09:45:17', '2025-10-15 09:45:17'),
(108, 3, 1, 1, 1, NULL, '2025-11-14 10:15:00', '2025-11-14 12:15:00', '2025-10-15 09:45:17', '2025-10-15 09:45:17'),
(109, 3, 6, 2, 2, NULL, '2025-09-15 10:15:00', '2025-09-15 12:15:00', '2025-10-15 09:45:17', '2025-10-15 09:45:17'),
(110, 3, 6, 2, 2, NULL, '2025-09-23 08:00:00', '2025-09-23 10:00:00', '2025-10-15 09:45:17', '2025-10-15 09:45:17'),
(111, 3, 6, 2, 2, NULL, '2025-10-02 08:00:00', '2025-10-02 10:00:00', '2025-10-15 09:45:17', '2025-10-15 09:45:17'),
(112, 3, 6, 2, 2, NULL, '2025-10-10 08:00:00', '2025-10-10 10:00:00', '2025-10-15 09:45:17', '2025-10-15 09:45:17'),
(113, 3, 6, 2, 2, NULL, '2025-10-20 08:00:00', '2025-10-20 10:00:00', '2025-10-15 09:45:17', '2025-10-15 09:45:17'),
(114, 3, 6, 2, 2, NULL, '2025-10-28 08:00:00', '2025-10-28 10:00:00', '2025-10-15 09:45:17', '2025-10-15 09:45:17'),
(115, 3, 6, 2, 2, NULL, '2025-11-06 08:00:00', '2025-11-06 10:00:00', '2025-10-15 09:45:17', '2025-10-15 09:45:17'),
(116, 3, 6, 2, 2, NULL, '2025-11-14 10:15:00', '2025-11-14 12:15:00', '2025-10-15 09:45:17', '2025-10-15 09:45:17'),
(117, 4, 3, 1, 1, 'A', '2025-09-15 13:30:00', '2025-09-15 15:30:00', '2025-10-15 09:45:17', '2025-10-15 09:45:17'),
(118, 4, 3, 1, 1, 'A', '2025-09-23 10:15:00', '2025-09-23 12:15:00', '2025-10-15 09:45:17', '2025-10-15 09:45:17'),
(119, 4, 3, 1, 1, 'A', '2025-10-02 10:15:00', '2025-10-02 12:15:00', '2025-10-15 09:45:17', '2025-10-15 09:45:17'),
(120, 4, 3, 1, 1, 'A', '2025-10-10 10:15:00', '2025-10-10 12:15:00', '2025-10-15 09:45:17', '2025-10-15 09:45:17'),
(121, 4, 3, 1, 1, 'A', '2025-10-20 10:15:00', '2025-10-20 12:15:00', '2025-10-15 09:45:17', '2025-10-15 09:45:17'),
(122, 4, 3, 1, 1, 'A', '2025-10-28 10:15:00', '2025-10-28 12:15:00', '2025-10-15 09:45:17', '2025-10-15 09:45:17'),
(123, 4, 3, 1, 1, 'A', '2025-11-06 10:15:00', '2025-11-06 12:15:00', '2025-10-15 09:45:17', '2025-10-15 09:45:17'),
(124, 4, 3, 1, 1, 'A', '2025-11-14 13:30:00', '2025-11-14 15:30:00', '2025-10-15 09:45:17', '2025-10-15 09:45:17'),
(125, 4, 3, 1, 1, 'B', '2025-09-15 15:45:00', '2025-09-15 17:45:00', '2025-10-15 09:45:17', '2025-10-15 09:45:17'),
(126, 4, 3, 1, 1, 'B', '2025-09-23 13:30:00', '2025-09-23 15:30:00', '2025-10-15 09:45:17', '2025-10-15 09:45:17'),
(127, 4, 3, 1, 1, 'B', '2025-10-02 13:30:00', '2025-10-02 15:30:00', '2025-10-15 09:45:17', '2025-10-15 09:45:17'),
(128, 4, 3, 1, 1, 'B', '2025-10-10 13:30:00', '2025-10-10 15:30:00', '2025-10-15 09:45:17', '2025-10-15 09:45:17'),
(129, 4, 3, 1, 1, 'B', '2025-10-20 13:30:00', '2025-10-20 15:30:00', '2025-10-15 09:45:17', '2025-10-15 09:45:17'),
(130, 4, 3, 1, 1, 'B', '2025-10-28 13:30:00', '2025-10-28 15:30:00', '2025-10-15 09:45:17', '2025-10-15 09:45:17'),
(131, 4, 3, 1, 1, 'B', '2025-11-06 13:30:00', '2025-11-06 15:30:00', '2025-10-15 09:45:17', '2025-10-15 09:45:17'),
(132, 4, 3, 1, 1, 'B', '2025-11-14 15:45:00', '2025-11-14 17:45:00', '2025-10-15 09:45:17', '2025-10-15 09:45:17'),
(133, 4, 4, 2, 2, 'A', '2025-09-15 13:30:00', '2025-09-15 15:30:00', '2025-10-15 09:45:17', '2025-10-15 09:45:17'),
(134, 4, 4, 2, 2, 'A', '2025-09-23 10:15:00', '2025-09-23 12:15:00', '2025-10-15 09:45:17', '2025-10-15 09:45:17'),
(135, 4, 4, 2, 2, 'A', '2025-10-02 10:15:00', '2025-10-02 12:15:00', '2025-10-15 09:45:17', '2025-10-15 09:45:17'),
(136, 4, 4, 2, 2, 'A', '2025-10-10 10:15:00', '2025-10-10 12:15:00', '2025-10-15 09:45:17', '2025-10-15 09:45:17'),
(137, 4, 4, 2, 2, 'A', '2025-10-20 10:15:00', '2025-10-20 12:15:00', '2025-10-15 09:45:17', '2025-10-15 09:45:17'),
(138, 4, 4, 2, 2, 'A', '2025-10-28 10:15:00', '2025-10-28 12:15:00', '2025-10-15 09:45:17', '2025-10-15 09:45:17'),
(139, 4, 4, 2, 2, 'A', '2025-11-06 10:15:00', '2025-11-06 12:15:00', '2025-10-15 09:45:17', '2025-10-15 09:45:17'),
(140, 4, 4, 2, 2, 'A', '2025-11-14 13:30:00', '2025-11-14 15:30:00', '2025-10-15 09:45:17', '2025-10-15 09:45:17'),
(141, 4, 4, 2, 2, 'B', '2025-09-15 15:45:00', '2025-09-15 17:45:00', '2025-10-15 09:45:17', '2025-10-15 09:45:17'),
(142, 4, 4, 2, 2, 'B', '2025-09-23 13:30:00', '2025-09-23 15:30:00', '2025-10-15 09:45:17', '2025-10-15 09:45:17'),
(143, 4, 4, 2, 2, 'B', '2025-10-02 13:30:00', '2025-10-02 15:30:00', '2025-10-15 09:45:17', '2025-10-15 09:45:17'),
(144, 4, 4, 2, 2, 'B', '2025-10-10 13:30:00', '2025-10-10 15:30:00', '2025-10-15 09:45:17', '2025-10-15 09:45:17'),
(145, 4, 4, 2, 2, 'B', '2025-10-20 13:30:00', '2025-10-20 15:30:00', '2025-10-15 09:45:17', '2025-10-15 09:45:17'),
(146, 4, 4, 2, 2, 'B', '2025-10-28 13:30:00', '2025-10-28 15:30:00', '2025-10-15 09:45:17', '2025-10-15 09:45:17'),
(147, 4, 4, 2, 2, 'B', '2025-11-06 13:30:00', '2025-11-06 15:30:00', '2025-10-15 09:45:17', '2025-10-15 09:45:17'),
(148, 4, 4, 2, 2, 'B', '2025-11-14 15:45:00', '2025-11-14 17:45:00', '2025-10-15 09:45:17', '2025-10-15 09:45:17'),
(157, 5, 3, 1, 1, 'A', '2025-09-01 08:00:00', '2025-09-01 10:00:00', '2025-10-15 09:53:56', '2025-10-15 09:53:56'),
(158, 5, 3, 1, 1, 'A', '2025-09-12 08:00:00', '2025-09-12 10:00:00', '2025-10-15 09:53:56', '2025-10-15 09:53:56'),
(159, 5, 3, 1, 1, 'B', '2025-09-01 10:15:00', '2025-09-01 12:15:00', '2025-10-15 09:53:56', '2025-10-15 09:53:56'),
(160, 5, 3, 1, 1, 'B', '2025-09-12 10:15:00', '2025-09-12 12:15:00', '2025-10-15 09:53:56', '2025-10-15 09:53:56');

-- --------------------------------------------------------

--
-- Structure de la table `session_attendance`
--

CREATE TABLE `session_attendance` (
  `session_id` int(11) NOT NULL,
  `class_group_id` int(11) NOT NULL
) ENGINE=InnoDB DEFAULT CHARSET=utf8mb4 COLLATE=utf8mb4_general_ci;

--
-- Déchargement des données de la table `session_attendance`
--

INSERT INTO `session_attendance` (`session_id`, `class_group_id`) VALUES
(99, 1),
(99, 2),
(100, 1),
(100, 2),
(101, 1),
(102, 1),
(103, 1),
(104, 1),
(105, 1),
(106, 1),
(107, 1),
(108, 1),
(109, 2),
(110, 2),
(111, 2),
(112, 2),
(113, 2),
(114, 2),
(115, 2),
(116, 2),
(117, 1),
(118, 1),
(119, 1),
(120, 1),
(121, 1),
(122, 1),
(123, 1),
(124, 1),
(125, 1),
(126, 1),
(127, 1),
(128, 1),
(129, 1),
(130, 1),
(131, 1),
(132, 1),
(133, 2),
(134, 2),
(135, 2),
(136, 2),
(137, 2),
(138, 2),
(139, 2),
(140, 2),
(141, 2),
(142, 2),
(143, 2),
(144, 2),
(145, 2),
(146, 2),
(147, 2),
(148, 2),
(157, 1),
(158, 1),
(159, 1),
(160, 1);

-- --------------------------------------------------------

--
-- Structure de la table `software`
--

CREATE TABLE `software` (
  `id` int(11) NOT NULL,
  `name` varchar(120) NOT NULL
) ENGINE=InnoDB DEFAULT CHARSET=utf8mb4 COLLATE=utf8mb4_general_ci;

-- --------------------------------------------------------

--
-- Structure de la table `teacher`
--

CREATE TABLE `teacher` (
  `id` int(11) NOT NULL,
  `name` varchar(120) NOT NULL,
  `email` varchar(255) DEFAULT NULL,
  `phone` varchar(50) DEFAULT NULL,
  `unavailable_dates` text DEFAULT NULL,
  `notes` text DEFAULT NULL,
  `created_at` datetime NOT NULL,
  `updated_at` datetime NOT NULL
) ENGINE=InnoDB DEFAULT CHARSET=utf8mb4 COLLATE=utf8mb4_general_ci;

--
-- Déchargement des données de la table `teacher`
--

INSERT INTO `teacher` (`id`, `name`, `email`, `phone`, `unavailable_dates`, `notes`, `created_at`, `updated_at`) VALUES
(1, 'Loic ', '', '', NULL, '', '2025-10-15 09:09:57', '2025-10-15 09:09:57'),
(2, 'Tim', '', '', NULL, '', '2025-10-15 09:13:49', '2025-10-15 09:13:49'),
(3, 'Francois', '', '', NULL, '', '2025-10-15 09:13:59', '2025-10-15 09:13:59'),
(4, 'Gilles', '', '', NULL, '', '2025-10-15 09:14:08', '2025-10-15 09:14:08'),
(5, 'iza', '', '', NULL, '', '2025-10-15 09:14:14', '2025-10-15 09:14:14'),
(6, 'pierre', '', '', NULL, '', '2025-10-15 09:14:30', '2025-10-15 09:14:30');

-- --------------------------------------------------------

--
-- Structure de la table `teacher_availability`
--

CREATE TABLE `teacher_availability` (
  `id` int(11) NOT NULL,
  `teacher_id` int(11) NOT NULL,
  `weekday` int(11) NOT NULL,
  `start_time` time NOT NULL,
  `end_time` time NOT NULL,
  `created_at` datetime NOT NULL,
  `updated_at` datetime NOT NULL
) ;

--
-- Déchargement des données de la table `teacher_availability`
--

INSERT INTO `teacher_availability` (`id`, `teacher_id`, `weekday`, `start_time`, `end_time`, `created_at`, `updated_at`) VALUES
(1, 3, 0, '08:00:00', '10:00:00', '2025-10-15 09:18:13', '2025-10-15 09:18:13'),
(2, 3, 0, '10:15:00', '12:15:00', '2025-10-15 09:18:13', '2025-10-15 09:18:13'),
(3, 3, 0, '13:30:00', '15:30:00', '2025-10-15 09:18:13', '2025-10-15 09:18:13'),
(4, 3, 0, '15:45:00', '17:45:00', '2025-10-15 09:18:13', '2025-10-15 09:18:13'),
(5, 3, 1, '08:00:00', '10:00:00', '2025-10-15 09:18:13', '2025-10-15 09:18:13'),
(6, 3, 1, '10:15:00', '12:15:00', '2025-10-15 09:18:13', '2025-10-15 09:18:13'),
(7, 3, 1, '13:30:00', '15:30:00', '2025-10-15 09:18:13', '2025-10-15 09:18:13'),
(8, 3, 1, '15:45:00', '17:45:00', '2025-10-15 09:18:13', '2025-10-15 09:18:13'),
(9, 3, 2, '08:00:00', '10:00:00', '2025-10-15 09:18:13', '2025-10-15 09:18:13'),
(10, 3, 2, '10:15:00', '12:15:00', '2025-10-15 09:18:13', '2025-10-15 09:18:13'),
(11, 3, 2, '13:30:00', '15:30:00', '2025-10-15 09:18:13', '2025-10-15 09:18:13'),
(12, 3, 2, '15:45:00', '17:45:00', '2025-10-15 09:18:13', '2025-10-15 09:18:13'),
(13, 3, 3, '08:00:00', '10:00:00', '2025-10-15 09:18:13', '2025-10-15 09:18:13'),
(14, 3, 3, '10:15:00', '12:15:00', '2025-10-15 09:18:13', '2025-10-15 09:18:13'),
(15, 3, 3, '13:30:00', '15:30:00', '2025-10-15 09:18:13', '2025-10-15 09:18:13'),
(16, 3, 3, '15:45:00', '17:45:00', '2025-10-15 09:18:13', '2025-10-15 09:18:13'),
(17, 3, 4, '08:00:00', '10:00:00', '2025-10-15 09:18:13', '2025-10-15 09:18:13'),
(18, 3, 4, '10:15:00', '12:15:00', '2025-10-15 09:18:13', '2025-10-15 09:18:13'),
(19, 3, 4, '13:30:00', '15:30:00', '2025-10-15 09:18:13', '2025-10-15 09:18:13'),
(20, 3, 4, '15:45:00', '17:45:00', '2025-10-15 09:18:13', '2025-10-15 09:18:13'),
(21, 4, 0, '08:00:00', '10:00:00', '2025-10-15 09:18:17', '2025-10-15 09:18:17'),
(22, 4, 0, '10:15:00', '12:15:00', '2025-10-15 09:18:17', '2025-10-15 09:18:17'),
(23, 4, 0, '13:30:00', '15:30:00', '2025-10-15 09:18:17', '2025-10-15 09:18:17'),
(24, 4, 0, '15:45:00', '17:45:00', '2025-10-15 09:18:17', '2025-10-15 09:18:17'),
(25, 4, 1, '08:00:00', '10:00:00', '2025-10-15 09:18:17', '2025-10-15 09:18:17'),
(26, 4, 1, '10:15:00', '12:15:00', '2025-10-15 09:18:17', '2025-10-15 09:18:17'),
(27, 4, 1, '13:30:00', '15:30:00', '2025-10-15 09:18:17', '2025-10-15 09:18:17'),
(28, 4, 1, '15:45:00', '17:45:00', '2025-10-15 09:18:17', '2025-10-15 09:18:17'),
(29, 4, 2, '08:00:00', '10:00:00', '2025-10-15 09:18:17', '2025-10-15 09:18:17'),
(30, 4, 2, '10:15:00', '12:15:00', '2025-10-15 09:18:17', '2025-10-15 09:18:17'),
(31, 4, 2, '13:30:00', '15:30:00', '2025-10-15 09:18:17', '2025-10-15 09:18:17'),
(32, 4, 2, '15:45:00', '17:45:00', '2025-10-15 09:18:17', '2025-10-15 09:18:17'),
(33, 4, 3, '08:00:00', '10:00:00', '2025-10-15 09:18:17', '2025-10-15 09:18:17'),
(34, 4, 3, '10:15:00', '12:15:00', '2025-10-15 09:18:17', '2025-10-15 09:18:17'),
(35, 4, 3, '13:30:00', '15:30:00', '2025-10-15 09:18:17', '2025-10-15 09:18:17'),
(36, 4, 3, '15:45:00', '17:45:00', '2025-10-15 09:18:17', '2025-10-15 09:18:17'),
(37, 4, 4, '08:00:00', '10:00:00', '2025-10-15 09:18:17', '2025-10-15 09:18:17'),
(38, 4, 4, '10:15:00', '12:15:00', '2025-10-15 09:18:17', '2025-10-15 09:18:17'),
(39, 4, 4, '13:30:00', '15:30:00', '2025-10-15 09:18:17', '2025-10-15 09:18:17'),
(40, 4, 4, '15:45:00', '17:45:00', '2025-10-15 09:18:17', '2025-10-15 09:18:17'),
(41, 5, 0, '08:00:00', '10:00:00', '2025-10-15 09:18:21', '2025-10-15 09:18:21'),
(42, 5, 0, '10:15:00', '12:15:00', '2025-10-15 09:18:21', '2025-10-15 09:18:21'),
(43, 5, 0, '13:30:00', '15:30:00', '2025-10-15 09:18:21', '2025-10-15 09:18:21'),
(44, 5, 0, '15:45:00', '17:45:00', '2025-10-15 09:18:21', '2025-10-15 09:18:21'),
(45, 5, 1, '08:00:00', '10:00:00', '2025-10-15 09:18:21', '2025-10-15 09:18:21'),
(46, 5, 1, '10:15:00', '12:15:00', '2025-10-15 09:18:21', '2025-10-15 09:18:21'),
(47, 5, 1, '13:30:00', '15:30:00', '2025-10-15 09:18:21', '2025-10-15 09:18:21'),
(48, 5, 1, '15:45:00', '17:45:00', '2025-10-15 09:18:21', '2025-10-15 09:18:21'),
(49, 5, 2, '08:00:00', '10:00:00', '2025-10-15 09:18:21', '2025-10-15 09:18:21'),
(50, 5, 2, '10:15:00', '12:15:00', '2025-10-15 09:18:21', '2025-10-15 09:18:21'),
(51, 5, 2, '13:30:00', '15:30:00', '2025-10-15 09:18:21', '2025-10-15 09:18:21'),
(52, 5, 2, '15:45:00', '17:45:00', '2025-10-15 09:18:21', '2025-10-15 09:18:21'),
(53, 5, 3, '08:00:00', '10:00:00', '2025-10-15 09:18:21', '2025-10-15 09:18:21'),
(54, 5, 3, '10:15:00', '12:15:00', '2025-10-15 09:18:21', '2025-10-15 09:18:21'),
(55, 5, 3, '13:30:00', '15:30:00', '2025-10-15 09:18:21', '2025-10-15 09:18:21'),
(56, 5, 3, '15:45:00', '17:45:00', '2025-10-15 09:18:21', '2025-10-15 09:18:21'),
(57, 5, 4, '08:00:00', '10:00:00', '2025-10-15 09:18:21', '2025-10-15 09:18:21'),
(58, 5, 4, '10:15:00', '12:15:00', '2025-10-15 09:18:21', '2025-10-15 09:18:21'),
(59, 5, 4, '13:30:00', '15:30:00', '2025-10-15 09:18:21', '2025-10-15 09:18:21'),
(60, 5, 4, '15:45:00', '17:45:00', '2025-10-15 09:18:21', '2025-10-15 09:18:21'),
(61, 1, 0, '08:00:00', '10:00:00', '2025-10-15 09:18:27', '2025-10-15 09:18:27'),
(62, 1, 0, '10:15:00', '12:15:00', '2025-10-15 09:18:27', '2025-10-15 09:18:27'),
(63, 1, 0, '13:30:00', '15:30:00', '2025-10-15 09:18:27', '2025-10-15 09:18:27'),
(64, 1, 0, '15:45:00', '17:45:00', '2025-10-15 09:18:27', '2025-10-15 09:18:27'),
(65, 1, 1, '08:00:00', '10:00:00', '2025-10-15 09:18:27', '2025-10-15 09:18:27'),
(66, 1, 1, '10:15:00', '12:15:00', '2025-10-15 09:18:27', '2025-10-15 09:18:27'),
(67, 1, 1, '13:30:00', '15:30:00', '2025-10-15 09:18:27', '2025-10-15 09:18:27'),
(68, 1, 1, '15:45:00', '17:45:00', '2025-10-15 09:18:27', '2025-10-15 09:18:27'),
(69, 1, 2, '08:00:00', '10:00:00', '2025-10-15 09:18:27', '2025-10-15 09:18:27'),
(70, 1, 2, '10:15:00', '12:15:00', '2025-10-15 09:18:27', '2025-10-15 09:18:27'),
(71, 1, 2, '13:30:00', '15:30:00', '2025-10-15 09:18:27', '2025-10-15 09:18:27'),
(72, 1, 2, '15:45:00', '17:45:00', '2025-10-15 09:18:27', '2025-10-15 09:18:27'),
(73, 1, 3, '08:00:00', '10:00:00', '2025-10-15 09:18:27', '2025-10-15 09:18:27'),
(74, 1, 3, '10:15:00', '12:15:00', '2025-10-15 09:18:27', '2025-10-15 09:18:27'),
(75, 1, 3, '13:30:00', '15:30:00', '2025-10-15 09:18:27', '2025-10-15 09:18:27'),
(76, 1, 3, '15:45:00', '17:45:00', '2025-10-15 09:18:27', '2025-10-15 09:18:27'),
(77, 1, 4, '08:00:00', '10:00:00', '2025-10-15 09:18:27', '2025-10-15 09:18:27'),
(78, 1, 4, '10:15:00', '12:15:00', '2025-10-15 09:18:27', '2025-10-15 09:18:27'),
(79, 1, 4, '13:30:00', '15:30:00', '2025-10-15 09:18:27', '2025-10-15 09:18:27'),
(80, 1, 4, '15:45:00', '17:45:00', '2025-10-15 09:18:27', '2025-10-15 09:18:27'),
(81, 6, 0, '08:00:00', '10:00:00', '2025-10-15 09:18:31', '2025-10-15 09:18:31'),
(82, 6, 0, '10:15:00', '12:15:00', '2025-10-15 09:18:31', '2025-10-15 09:18:31'),
(83, 6, 0, '13:30:00', '15:30:00', '2025-10-15 09:18:31', '2025-10-15 09:18:31'),
(84, 6, 0, '15:45:00', '17:45:00', '2025-10-15 09:18:31', '2025-10-15 09:18:31'),
(85, 6, 1, '08:00:00', '10:00:00', '2025-10-15 09:18:31', '2025-10-15 09:18:31'),
(86, 6, 1, '10:15:00', '12:15:00', '2025-10-15 09:18:31', '2025-10-15 09:18:31'),
(87, 6, 1, '13:30:00', '15:30:00', '2025-10-15 09:18:31', '2025-10-15 09:18:31'),
(88, 6, 1, '15:45:00', '17:45:00', '2025-10-15 09:18:31', '2025-10-15 09:18:31'),
(89, 6, 2, '08:00:00', '10:00:00', '2025-10-15 09:18:31', '2025-10-15 09:18:31'),
(90, 6, 2, '10:15:00', '12:15:00', '2025-10-15 09:18:31', '2025-10-15 09:18:31'),
(91, 6, 2, '13:30:00', '15:30:00', '2025-10-15 09:18:31', '2025-10-15 09:18:31'),
(92, 6, 2, '15:45:00', '17:45:00', '2025-10-15 09:18:31', '2025-10-15 09:18:31'),
(93, 6, 3, '08:00:00', '10:00:00', '2025-10-15 09:18:31', '2025-10-15 09:18:31'),
(94, 6, 3, '10:15:00', '12:15:00', '2025-10-15 09:18:31', '2025-10-15 09:18:31'),
(95, 6, 3, '13:30:00', '15:30:00', '2025-10-15 09:18:31', '2025-10-15 09:18:31'),
(96, 6, 3, '15:45:00', '17:45:00', '2025-10-15 09:18:31', '2025-10-15 09:18:31'),
(97, 6, 4, '08:00:00', '10:00:00', '2025-10-15 09:18:31', '2025-10-15 09:18:31'),
(98, 6, 4, '10:15:00', '12:15:00', '2025-10-15 09:18:31', '2025-10-15 09:18:31'),
(99, 6, 4, '13:30:00', '15:30:00', '2025-10-15 09:18:31', '2025-10-15 09:18:31'),
(100, 6, 4, '15:45:00', '17:45:00', '2025-10-15 09:18:31', '2025-10-15 09:18:31'),
(101, 2, 0, '08:00:00', '10:00:00', '2025-10-15 09:18:33', '2025-10-15 09:18:33'),
(102, 2, 0, '10:15:00', '12:15:00', '2025-10-15 09:18:33', '2025-10-15 09:18:33'),
(103, 2, 0, '13:30:00', '15:30:00', '2025-10-15 09:18:33', '2025-10-15 09:18:33'),
(104, 2, 0, '15:45:00', '17:45:00', '2025-10-15 09:18:33', '2025-10-15 09:18:33'),
(105, 2, 1, '08:00:00', '10:00:00', '2025-10-15 09:18:33', '2025-10-15 09:18:33'),
(106, 2, 1, '10:15:00', '12:15:00', '2025-10-15 09:18:33', '2025-10-15 09:18:33'),
(107, 2, 1, '13:30:00', '15:30:00', '2025-10-15 09:18:33', '2025-10-15 09:18:33'),
(108, 2, 1, '15:45:00', '17:45:00', '2025-10-15 09:18:33', '2025-10-15 09:18:33'),
(109, 2, 2, '08:00:00', '10:00:00', '2025-10-15 09:18:33', '2025-10-15 09:18:33'),
(110, 2, 2, '10:15:00', '12:15:00', '2025-10-15 09:18:33', '2025-10-15 09:18:33'),
(111, 2, 2, '13:30:00', '15:30:00', '2025-10-15 09:18:33', '2025-10-15 09:18:33'),
(112, 2, 2, '15:45:00', '17:45:00', '2025-10-15 09:18:33', '2025-10-15 09:18:33'),
(113, 2, 3, '08:00:00', '10:00:00', '2025-10-15 09:18:33', '2025-10-15 09:18:33'),
(114, 2, 3, '10:15:00', '12:15:00', '2025-10-15 09:18:33', '2025-10-15 09:18:33'),
(115, 2, 3, '13:30:00', '15:30:00', '2025-10-15 09:18:33', '2025-10-15 09:18:33'),
(116, 2, 3, '15:45:00', '17:45:00', '2025-10-15 09:18:33', '2025-10-15 09:18:33'),
(117, 2, 4, '08:00:00', '10:00:00', '2025-10-15 09:18:33', '2025-10-15 09:18:33'),
(118, 2, 4, '10:15:00', '12:15:00', '2025-10-15 09:18:33', '2025-10-15 09:18:33'),
(119, 2, 4, '13:30:00', '15:30:00', '2025-10-15 09:18:33', '2025-10-15 09:18:33'),
(120, 2, 4, '15:45:00', '17:45:00', '2025-10-15 09:18:33', '2025-10-15 09:18:33');

--
-- Index pour les tables déchargées
--

--
-- Index pour la table `class_group`
--
ALTER TABLE `class_group`
  ADD PRIMARY KEY (`id`),
  ADD UNIQUE KEY `name` (`name`);

--
-- Index pour la table `closing_period`
--
ALTER TABLE `closing_period`
  ADD PRIMARY KEY (`id`);

--
-- Index pour la table `course`
--
ALTER TABLE `course`
  ADD PRIMARY KEY (`id`),
  ADD UNIQUE KEY `name` (`name`),
  ADD KEY `course_name_id` (`course_name_id`);

--
-- Index pour la table `course_class`
--
ALTER TABLE `course_class`
  ADD PRIMARY KEY (`course_id`,`class_group_id`),
  ADD KEY `class_group_id` (`class_group_id`),
  ADD KEY `teacher_a_id` (`teacher_a_id`),
  ADD KEY `teacher_b_id` (`teacher_b_id`);

--
-- Index pour la table `course_equipment`
--
ALTER TABLE `course_equipment`
  ADD PRIMARY KEY (`course_id`,`equipment_id`),
  ADD KEY `equipment_id` (`equipment_id`);

--
-- Index pour la table `course_name`
--
ALTER TABLE `course_name`
  ADD PRIMARY KEY (`id`),
  ADD UNIQUE KEY `name` (`name`);

--
-- Index pour la table `course_schedule_log`
--
ALTER TABLE `course_schedule_log`
  ADD PRIMARY KEY (`id`),
  ADD KEY `ix_course_schedule_log_course_id` (`course_id`);

--
-- Index pour la table `course_software`
--
ALTER TABLE `course_software`
  ADD PRIMARY KEY (`course_id`,`software_id`),
  ADD KEY `software_id` (`software_id`);

--
-- Index pour la table `course_teacher`
--
ALTER TABLE `course_teacher`
  ADD PRIMARY KEY (`course_id`,`teacher_id`),
  ADD KEY `teacher_id` (`teacher_id`);

--
-- Index pour la table `course_name_preferred_room`
--
ALTER TABLE `course_name_preferred_room`
  ADD PRIMARY KEY (`course_name_id`,`room_id`),
  ADD KEY `room_id` (`room_id`);

--
-- Index pour la table `equipment`
--
ALTER TABLE `equipment`
  ADD PRIMARY KEY (`id`),
  ADD UNIQUE KEY `name` (`name`);

--
-- Index pour la table `room`
--
ALTER TABLE `room`
  ADD PRIMARY KEY (`id`),
  ADD UNIQUE KEY `name` (`name`);

--
-- Index pour la table `room_equipment`
--
ALTER TABLE `room_equipment`
  ADD PRIMARY KEY (`room_id`,`equipment_id`),
  ADD KEY `equipment_id` (`equipment_id`);

--
-- Index pour la table `room_software`
--
ALTER TABLE `room_software`
  ADD PRIMARY KEY (`room_id`,`software_id`),
  ADD KEY `software_id` (`software_id`);

--
-- Index pour la table `session`
--
ALTER TABLE `session`
  ADD PRIMARY KEY (`id`),
  ADD UNIQUE KEY `uq_room_start_time` (`room_id`,`start_time`),
  ADD UNIQUE KEY `uq_class_start_time` (`class_group_id`,`start_time`),
  ADD KEY `course_id` (`course_id`),
  ADD KEY `teacher_id` (`teacher_id`);

--
-- Index pour la table `session_attendance`
--
ALTER TABLE `session_attendance`
  ADD PRIMARY KEY (`session_id`,`class_group_id`),
  ADD KEY `class_group_id` (`class_group_id`);

--
-- Index pour la table `software`
--
ALTER TABLE `software`
  ADD PRIMARY KEY (`id`),
  ADD UNIQUE KEY `name` (`name`);

--
-- Index pour la table `teacher`
--
ALTER TABLE `teacher`
  ADD PRIMARY KEY (`id`),
  ADD UNIQUE KEY `name` (`name`);

--
-- Index pour la table `teacher_availability`
--
ALTER TABLE `teacher_availability`
  ADD PRIMARY KEY (`id`),
  ADD KEY `teacher_id` (`teacher_id`);

--
-- AUTO_INCREMENT pour les tables déchargées
--

--
-- AUTO_INCREMENT pour la table `class_group`
--
ALTER TABLE `class_group`
  MODIFY `id` int(11) NOT NULL AUTO_INCREMENT, AUTO_INCREMENT=5;

--
-- AUTO_INCREMENT pour la table `closing_period`
--
ALTER TABLE `closing_period`
  MODIFY `id` int(11) NOT NULL AUTO_INCREMENT;

--
-- AUTO_INCREMENT pour la table `course`
--
ALTER TABLE `course`
  MODIFY `id` int(11) NOT NULL AUTO_INCREMENT;

--
-- AUTO_INCREMENT pour la table `course_name`
--
ALTER TABLE `course_name`
  MODIFY `id` int(11) NOT NULL AUTO_INCREMENT;

--
-- AUTO_INCREMENT pour la table `course_schedule_log`
--
ALTER TABLE `course_schedule_log`
  MODIFY `id` int(11) NOT NULL AUTO_INCREMENT;

--
-- AUTO_INCREMENT pour la table `equipment`
--
ALTER TABLE `equipment`
  MODIFY `id` int(11) NOT NULL AUTO_INCREMENT;

--
-- AUTO_INCREMENT pour la table `room`
--
ALTER TABLE `room`
  MODIFY `id` int(11) NOT NULL AUTO_INCREMENT, AUTO_INCREMENT=4;

--
-- AUTO_INCREMENT pour la table `session`
--
ALTER TABLE `session`
  MODIFY `id` int(11) NOT NULL AUTO_INCREMENT;

--
-- AUTO_INCREMENT pour la table `software`
--
ALTER TABLE `software`
  MODIFY `id` int(11) NOT NULL AUTO_INCREMENT;

--
-- AUTO_INCREMENT pour la table `teacher`
--
ALTER TABLE `teacher`
  MODIFY `id` int(11) NOT NULL AUTO_INCREMENT, AUTO_INCREMENT=7;

--
-- AUTO_INCREMENT pour la table `teacher_availability`
--
ALTER TABLE `teacher_availability`
  MODIFY `id` int(11) NOT NULL AUTO_INCREMENT;

--
-- Contraintes pour les tables déchargées
--

--
-- Contraintes pour la table `course`
--
ALTER TABLE `course`
  ADD CONSTRAINT `course_ibfk_1` FOREIGN KEY (`course_name_id`) REFERENCES `course_name` (`id`);

--
-- Contraintes pour la table `course_class`
--
ALTER TABLE `course_class`
  ADD CONSTRAINT `course_class_ibfk_1` FOREIGN KEY (`course_id`) REFERENCES `course` (`id`),
  ADD CONSTRAINT `course_class_ibfk_2` FOREIGN KEY (`class_group_id`) REFERENCES `class_group` (`id`),
  ADD CONSTRAINT `course_class_ibfk_3` FOREIGN KEY (`teacher_a_id`) REFERENCES `teacher` (`id`),
  ADD CONSTRAINT `course_class_ibfk_4` FOREIGN KEY (`teacher_b_id`) REFERENCES `teacher` (`id`);

--
-- Contraintes pour la table `course_equipment`
--
ALTER TABLE `course_equipment`
  ADD CONSTRAINT `course_equipment_ibfk_1` FOREIGN KEY (`course_id`) REFERENCES `course` (`id`),
  ADD CONSTRAINT `course_equipment_ibfk_2` FOREIGN KEY (`equipment_id`) REFERENCES `equipment` (`id`);

--
-- Contraintes pour la table `course_schedule_log`
--
ALTER TABLE `course_schedule_log`
  ADD CONSTRAINT `course_schedule_log_ibfk_1` FOREIGN KEY (`course_id`) REFERENCES `course` (`id`);

--
-- Contraintes pour la table `course_software`
--
ALTER TABLE `course_software`
  ADD CONSTRAINT `course_software_ibfk_1` FOREIGN KEY (`course_id`) REFERENCES `course` (`id`),
  ADD CONSTRAINT `course_software_ibfk_2` FOREIGN KEY (`software_id`) REFERENCES `software` (`id`);

--
-- Contraintes pour la table `course_teacher`
--
ALTER TABLE `course_teacher`
  ADD CONSTRAINT `course_teacher_ibfk_1` FOREIGN KEY (`course_id`) REFERENCES `course` (`id`),
  ADD CONSTRAINT `course_teacher_ibfk_2` FOREIGN KEY (`teacher_id`) REFERENCES `teacher` (`id`);

--
-- Contraintes pour la table `course_name_preferred_room`
--
ALTER TABLE `course_name_preferred_room`
  ADD CONSTRAINT `course_name_preferred_room_ibfk_1` FOREIGN KEY (`course_name_id`) REFERENCES `course_name` (`id`),
  ADD CONSTRAINT `course_name_preferred_room_ibfk_2` FOREIGN KEY (`room_id`) REFERENCES `room` (`id`);

--
-- Contraintes pour la table `room_equipment`
--
ALTER TABLE `room_equipment`
  ADD CONSTRAINT `room_equipment_ibfk_1` FOREIGN KEY (`room_id`) REFERENCES `room` (`id`),
  ADD CONSTRAINT `room_equipment_ibfk_2` FOREIGN KEY (`equipment_id`) REFERENCES `equipment` (`id`);

--
-- Contraintes pour la table `room_software`
--
ALTER TABLE `room_software`
  ADD CONSTRAINT `room_software_ibfk_1` FOREIGN KEY (`room_id`) REFERENCES `room` (`id`),
  ADD CONSTRAINT `room_software_ibfk_2` FOREIGN KEY (`software_id`) REFERENCES `software` (`id`);

--
-- Contraintes pour la table `session`
--
ALTER TABLE `session`
  ADD CONSTRAINT `session_ibfk_1` FOREIGN KEY (`course_id`) REFERENCES `course` (`id`),
  ADD CONSTRAINT `session_ibfk_2` FOREIGN KEY (`teacher_id`) REFERENCES `teacher` (`id`),
  ADD CONSTRAINT `session_ibfk_3` FOREIGN KEY (`room_id`) REFERENCES `room` (`id`),
  ADD CONSTRAINT `session_ibfk_4` FOREIGN KEY (`class_group_id`) REFERENCES `class_group` (`id`);

--
-- Contraintes pour la table `session_attendance`
--
ALTER TABLE `session_attendance`
  ADD CONSTRAINT `session_attendance_ibfk_1` FOREIGN KEY (`session_id`) REFERENCES `session` (`id`),
  ADD CONSTRAINT `session_attendance_ibfk_2` FOREIGN KEY (`class_group_id`) REFERENCES `class_group` (`id`);

--
-- Contraintes pour la table `teacher_availability`
--
ALTER TABLE `teacher_availability`
  ADD CONSTRAINT `teacher_availability_ibfk_1` FOREIGN KEY (`teacher_id`) REFERENCES `teacher` (`id`);
COMMIT;

/*!40101 SET CHARACTER_SET_CLIENT=@OLD_CHARACTER_SET_CLIENT */;
/*!40101 SET CHARACTER_SET_RESULTS=@OLD_CHARACTER_SET_RESULTS */;
/*!40101 SET COLLATION_CONNECTION=@OLD_COLLATION_CONNECTION */;
